full_date,date_key,year,quarter,quarter_name,month,month_name,month_year,day,day_of_week,day_name,is_weekend
2016-01-01,20160101,2016,1,Q1,1,January,Jan 2016,1,5,Friday,0
2016-01-02,20160102,2016,1,Q1,1,January,Jan 2016,2,6,Saturday,1
2016-01-03,20160103,2016,1,Q1,1,January,Jan 2016,3,7,Sunday,1
2016-01-04,20160104,2016,1,Q1,1,January,Jan 2016,4,1,Monday,0
2016-01-05,20160105,2016,1,Q1,1,January,Jan 2016,5,2,Tuesday,0
2016-01-06,20160106,2016,1,Q1,1,January,Jan 2016,6,3,Wednesday,0
2016-01-07,20160107,2016,1,Q1,1,January,Jan 2016,7,4,Thursday,0
2016-01-08,20160108,2016,1,Q1,1,January,Jan 2016,8,5,Friday,0
2016-01-09,20160109,2016,1,Q1,1,January,Jan 2016,9,6,Saturday,1
2016-01-10,20160110,2016,1,Q1,1,January,Jan 2016,10,7,Sunday,1
2016-01-11,20160111,2016,1,Q1,1,January,Jan 2016,11,1,Monday,0
2016-01-12,20160112,2016,1,Q1,1,January,Jan 2016,12,2,Tuesday,0
2016-01-13,20160113,2016,1,Q1,1,January,Jan 2016,13,3,Wednesday,0
2016-01-14,20160114,2016,1,Q1,1,January,Jan 2016,14,4,Thursday,0
2016-01-15,20160115,2016,1,Q1,1,January,Jan 2016,15,5,Friday,0
2016-01-16,20160116,2016,1,Q1,1,January,Jan 2016,16,6,Saturday,1
2016-01-17,20160117,2016,1,Q1,1,January,Jan 2016,17,7,Sunday,1
2016-01-18,20160118,2016,1,Q1,1,January,Jan 2016,18,1,Monday,0
2016-01-19,20160119,2016,1,Q1,1,January,Jan 2016,19,2,Tuesday,0
2016-01-20,20160120,2016,1,Q1,1,January,Jan 2016,20,3,Wednesday,0
2016-01-21,20160121,2016,1,Q1,1,January,Jan 2016,21,4,Thursday,0
2016-01-22,20160122,2016,1,Q1,1,January,Jan 2016,22,5,Friday,0
2016-01-23,20160123,2016,1,Q1,1,January,Jan 2016,23,6,Saturday,1
2016-01-24,20160124,2016,1,Q1,1,January,Jan 2016,24,7,Sunday,1
2016-01-25,20160125,2016,1,Q1,1,January,Jan 2016,25,1,Monday,0
2016-01-26,20160126,2016,1,Q1,1,January,Jan 2016,26,2,Tuesday,0
2016-01-27,20160127,2016,1,Q1,1,January,Jan 2016,27,3,Wednesday,0
2016-01-28,20160128,2016,1,Q1,1,January,Jan 2016,28,4,Thursday,0
2016-01-29,20160129,2016,1,Q1,1,January,Jan 2016,29,5,Friday,0
2016-01-30,20160130,2016,1,Q1,1,January,Jan 2016,30,6,Saturday,1
2016-01-31,20160131,2016,1,Q1,1,January,Jan 2016,31,7,Sunday,1
2016-02-01,20160201,2016,1,Q1,2,February,Feb 2016,1,1,Monday,0
2016-02-02,20160202,2016,1,Q1,2,February,Feb 2016,2,2,Tuesday,0
2016-02-03,20160203,2016,1,Q1,2,February,Feb 2016,3,3,Wednesday,0
2016-02-04,20160204,2016,1,Q1,2,February,Feb 2016,4,4,Thursday,0
2016-02-05,20160205,2016,1,Q1,2,February,Feb 2016,5,5,Friday,0
2016-02-06,20160206,2016,1,Q1,2,February,Feb 2016,6,6,Saturday,1
2016-02-07,20160207,2016,1,Q1,2,February,Feb 2016,7,7,Sunday,1
2016-02-08,20160208,2016,1,Q1,2,February,Feb 2016,8,1,Monday,0
2016-02-09,20160209,2016,1,Q1,2,February,Feb 2016,9,2,Tuesday,0
2016-02-10,20160210,2016,1,Q1,2,February,Feb 2016,10,3,Wednesday,0
2016-02-11,20160211,2016,1,Q1,2,February,Feb 2016,11,4,Thursday,0
2016-02-12,20160212,2016,1,Q1,2,February,Feb 2016,12,5,Friday,0
2016-02-13,20160213,2016,1,Q1,2,February,Feb 2016,13,6,Saturday,1
2016-02-14,20160214,2016,1,Q1,2,February,Feb 2016,14,7,Sunday,1
2016-02-15,20160215,2016,1,Q1,2,February,Feb 2016,15,1,Monday,0
2016-02-16,20160216,2016,1,Q1,2,February,Feb 2016,16,2,Tuesday,0
2016-02-17,20160217,2016,1,Q1,2,February,Feb 2016,17,3,Wednesday,0
2016-02-18,20160218,2016,1,Q1,2,February,Feb 2016,18,4,Thursday,0
2016-02-19,20160219,2016,1,Q1,2,February,Feb 2016,19,5,Friday,0
2016-02-20,20160220,2016,1,Q1,2,February,Feb 2016,20,6,Saturday,1
2016-02-21,20160221,2016,1,Q1,2,February,Feb 2016,21,7,Sunday,1
2016-02-22,20160222,2016,1,Q1,2,February,Feb 2016,22,1,Monday,0
2016-02-23,20160223,2016,1,Q1,2,February,Feb 2016,23,2,Tuesday,0
2016-02-24,20160224,2016,1,Q1,2,February,Feb 2016,24,3,Wednesday,0
2016-02-25,20160225,2016,1,Q1,2,February,Feb 2016,25,4,Thursday,0
2016-02-26,20160226,2016,1,Q1,2,February,Feb 2016,26,5,Friday,0
2016-02-27,20160227,2016,1,Q1,2,February,Feb 2016,27,6,Saturday,1
2016-02-28,20160228,2016,1,Q1,2,February,Feb 2016,28,7,Sunday,1
2016-02-29,20160229,2016,1,Q1,2,February,Feb 2016,29,1,Monday,0
2016-03-01,20160301,2016,1,Q1,3,March,Mar 2016,1,2,Tuesday,0
2016-03-02,20160302,2016,1,Q1,3,March,Mar 2016,2,3,Wednesday,0
2016-03-03,20160303,2016,1,Q1,3,March,Mar 2016,3,4,Thursday,0
2016-03-04,20160304,2016,1,Q1,3,March,Mar 2016,4,5,Friday,0
2016-03-05,20160305,2016,1,Q1,3,March,Mar 2016,5,6,Saturday,1
2016-03-06,20160306,2016,1,Q1,3,March,Mar 2016,6,7,Sunday,1
2016-03-07,20160307,2016,1,Q1,3,March,Mar 2016,7,1,Monday,0
2016-03-08,20160308,2016,1,Q1,3,March,Mar 2016,8,2,Tuesday,0
2016-03-09,20160309,2016,1,Q1,3,March,Mar 2016,9,3,Wednesday,0
2016-03-10,20160310,2016,1,Q1,3,March,Mar 2016,10,4,Thursday,0
2016-03-11,20160311,2016,1,Q1,3,March,Mar 2016,11,5,Friday,0
2016-03-12,20160312,2016,1,Q1,3,March,Mar 2016,12,6,Saturday,1
2016-03-13,20160313,2016,1,Q1,3,March,Mar 2016,13,7,Sunday,1
2016-03-14,20160314,2016,1,Q1,3,March,Mar 2016,14,1,Monday,0
2016-03-15,20160315,2016,1,Q1,3,March,Mar 2016,15,2,Tuesday,0
2016-03-16,20160316,2016,1,Q1,3,March,Mar 2016,16,3,Wednesday,0
2016-03-17,20160317,2016,1,Q1,3,March,Mar 2016,17,4,Thursday,0
2016-03-18,20160318,2016,1,Q1,3,March,Mar 2016,18,5,Friday,0
2016-03-19,20160319,2016,1,Q1,3,March,Mar 2016,19,6,Saturday,1
2016-03-20,20160320,2016,1,Q1,3,March,Mar 2016,20,7,Sunday,1
2016-03-21,20160321,2016,1,Q1,3,March,Mar 2016,21,1,Monday,0
2016-03-22,20160322,2016,1,Q1,3,March,Mar 2016,22,2,Tuesday,0
2016-03-23,20160323,2016,1,Q1,3,March,Mar 2016,23,3,Wednesday,0
2016-03-24,20160324,2016,1,Q1,3,March,Mar 2016,24,4,Thursday,0
2016-03-25,20160325,2016,1,Q1,3,March,Mar 2016,25,5,Friday,0
2016-03-26,20160326,2016,1,Q1,3,March,Mar 2016,26,6,Saturday,1
2016-03-27,20160327,2016,1,Q1,3,March,Mar 2016,27,7,Sunday,1
2016-03-28,20160328,2016,1,Q1,3,March,Mar 2016,28,1,Monday,0
2016-03-29,20160329,2016,1,Q1,3,March,Mar 2016,29,2,Tuesday,0
2016-03-30,20160330,2016,1,Q1,3,March,Mar 2016,30,3,Wednesday,0
2016-03-31,20160331,2016,1,Q1,3,March,Mar 2016,31,4,Thursday,0
2016-04-01,20160401,2016,2,Q2,4,April,Apr 2016,1,5,Friday,0
2016-04-02,20160402,2016,2,Q2,4,April,Apr 2016,2,6,Saturday,1
2016-04-03,20160403,2016,2,Q2,4,April,Apr 2016,3,7,Sunday,1
2016-04-04,20160404,2016,2,Q2,4,April,Apr 2016,4,1,Monday,0
2016-04-05,20160405,2016,2,Q2,4,April,Apr 2016,5,2,Tuesday,0
2016-04-06,20160406,2016,2,Q2,4,April,Apr 2016,6,3,Wednesday,0
2016-04-07,20160407,2016,2,Q2,4,April,Apr 2016,7,4,Thursday,0
2016-04-08,20160408,2016,2,Q2,4,April,Apr 2016,8,5,Friday,0
2016-04-09,20160409,2016,2,Q2,4,April,Apr 2016,9,6,Saturday,1
2016-04-10,20160410,2016,2,Q2,4,April,Apr 2016,10,7,Sunday,1
2016-04-11,20160411,2016,2,Q2,4,April,Apr 2016,11,1,Monday,0
2016-04-12,20160412,2016,2,Q2,4,April,Apr 2016,12,2,Tuesday,0
2016-04-13,20160413,2016,2,Q2,4,April,Apr 2016,13,3,Wednesday,0
2016-04-14,20160414,2016,2,Q2,4,April,Apr 2016,14,4,Thursday,0
2016-04-15,20160415,2016,2,Q2,4,April,Apr 2016,15,5,Friday,0
2016-04-16,20160416,2016,2,Q2,4,April,Apr 2016,16,6,Saturday,1
2016-04-17,20160417,2016,2,Q2,4,April,Apr 2016,17,7,Sunday,1
2016-04-18,20160418,2016,2,Q2,4,April,Apr 2016,18,1,Monday,0
2016-04-19,20160419,2016,2,Q2,4,April,Apr 2016,19,2,Tuesday,0
2016-04-20,20160420,2016,2,Q2,4,April,Apr 2016,20,3,Wednesday,0
2016-04-21,20160421,2016,2,Q2,4,April,Apr 2016,21,4,Thursday,0
2016-04-22,20160422,2016,2,Q2,4,April,Apr 2016,22,5,Friday,0
2016-04-23,20160423,2016,2,Q2,4,April,Apr 2016,23,6,Saturday,1
2016-04-24,20160424,2016,2,Q2,4,April,Apr 2016,24,7,Sunday,1
2016-04-25,20160425,2016,2,Q2,4,April,Apr 2016,25,1,Monday,0
2016-04-26,20160426,2016,2,Q2,4,April,Apr 2016,26,2,Tuesday,0
2016-04-27,20160427,2016,2,Q2,4,April,Apr 2016,27,3,Wednesday,0
2016-04-28,20160428,2016,2,Q2,4,April,Apr 2016,28,4,Thursday,0
2016-04-29,20160429,2016,2,Q2,4,April,Apr 2016,29,5,Friday,0
2016-04-30,20160430,2016,2,Q2,4,April,Apr 2016,30,6,Saturday,1
2016-05-01,20160501,2016,2,Q2,5,May,May 2016,1,7,Sunday,1
2016-05-02,20160502,2016,2,Q2,5,May,May 2016,2,1,Monday,0
2016-05-03,20160503,2016,2,Q2,5,May,May 2016,3,2,Tuesday,0
2016-05-04,20160504,2016,2,Q2,5,May,May 2016,4,3,Wednesday,0
2016-05-05,20160505,2016,2,Q2,5,May,May 2016,5,4,Thursday,0
2016-05-06,20160506,2016,2,Q2,5,May,May 2016,6,5,Friday,0
2016-05-07,20160507,2016,2,Q2,5,May,May 2016,7,6,Saturday,1
2016-05-08,20160508,2016,2,Q2,5,May,May 2016,8,7,Sunday,1
2016-05-09,20160509,2016,2,Q2,5,May,May 2016,9,1,Monday,0
2016-05-10,20160510,2016,2,Q2,5,May,May 2016,10,2,Tuesday,0
2016-05-11,20160511,2016,2,Q2,5,May,May 2016,11,3,Wednesday,0
2016-05-12,20160512,2016,2,Q2,5,May,May 2016,12,4,Thursday,0
2016-05-13,20160513,2016,2,Q2,5,May,May 2016,13,5,Friday,0
2016-05-14,20160514,2016,2,Q2,5,May,May 2016,14,6,Saturday,1
2016-05-15,20160515,2016,2,Q2,5,May,May 2016,15,7,Sunday,1
2016-05-16,20160516,2016,2,Q2,5,May,May 2016,16,1,Monday,0
2016-05-17,20160517,2016,2,Q2,5,May,May 2016,17,2,Tuesday,0
2016-05-18,20160518,2016,2,Q2,5,May,May 2016,18,3,Wednesday,0
2016-05-19,20160519,2016,2,Q2,5,May,May 2016,19,4,Thursday,0
2016-05-20,20160520,2016,2,Q2,5,May,May 2016,20,5,Friday,0
2016-05-21,20160521,2016,2,Q2,5,May,May 2016,21,6,Saturday,1
2016-05-22,20160522,2016,2,Q2,5,May,May 2016,22,7,Sunday,1
2016-05-23,20160523,2016,2,Q2,5,May,May 2016,23,1,Monday,0
2016-05-24,20160524,2016,2,Q2,5,May,May 2016,24,2,Tuesday,0
2016-05-25,20160525,2016,2,Q2,5,May,May 2016,25,3,Wednesday,0
2016-05-26,20160526,2016,2,Q2,5,May,May 2016,26,4,Thursday,0
2016-05-27,20160527,2016,2,Q2,5,May,May 2016,27,5,Friday,0
2016-05-28,20160528,2016,2,Q2,5,May,May 2016,28,6,Saturday,1
2016-05-29,20160529,2016,2,Q2,5,May,May 2016,29,7,Sunday,1
2016-05-30,20160530,2016,2,Q2,5,May,May 2016,30,1,Monday,0
2016-05-31,20160531,2016,2,Q2,5,May,May 2016,31,2,Tuesday,0
2016-06-01,20160601,2016,2,Q2,6,June,Jun 2016,1,3,Wednesday,0
2016-06-02,20160602,2016,2,Q2,6,June,Jun 2016,2,4,Thursday,0
2016-06-03,20160603,2016,2,Q2,6,June,Jun 2016,3,5,Friday,0
2016-06-04,20160604,2016,2,Q2,6,June,Jun 2016,4,6,Saturday,1
2016-06-05,20160605,2016,2,Q2,6,June,Jun 2016,5,7,Sunday,1
2016-06-06,20160606,2016,2,Q2,6,June,Jun 2016,6,1,Monday,0
2016-06-07,20160607,2016,2,Q2,6,June,Jun 2016,7,2,Tuesday,0
2016-06-08,20160608,2016,2,Q2,6,June,Jun 2016,8,3,Wednesday,0
2016-06-09,20160609,2016,2,Q2,6,June,Jun 2016,9,4,Thursday,0
2016-06-10,20160610,2016,2,Q2,6,June,Jun 2016,10,5,Friday,0
2016-06-11,20160611,2016,2,Q2,6,June,Jun 2016,11,6,Saturday,1
2016-06-12,20160612,2016,2,Q2,6,June,Jun 2016,12,7,Sunday,1
2016-06-13,20160613,2016,2,Q2,6,June,Jun 2016,13,1,Monday,0
2016-06-14,20160614,2016,2,Q2,6,June,Jun 2016,14,2,Tuesday,0
2016-06-15,20160615,2016,2,Q2,6,June,Jun 2016,15,3,Wednesday,0
2016-06-16,20160616,2016,2,Q2,6,June,Jun 2016,16,4,Thursday,0
2016-06-17,20160617,2016,2,Q2,6,June,Jun 2016,17,5,Friday,0
2016-06-18,20160618,2016,2,Q2,6,June,Jun 2016,18,6,Saturday,1
2016-06-19,20160619,2016,2,Q2,6,June,Jun 2016,19,7,Sunday,1
2016-06-20,20160620,2016,2,Q2,6,June,Jun 2016,20,1,Monday,0
2016-06-21,20160621,2016,2,Q2,6,June,Jun 2016,21,2,Tuesday,0
2016-06-22,20160622,2016,2,Q2,6,June,Jun 2016,22,3,Wednesday,0
2016-06-23,20160623,2016,2,Q2,6,June,Jun 2016,23,4,Thursday,0
2016-06-24,20160624,2016,2,Q2,6,June,Jun 2016,24,5,Friday,0
2016-06-25,20160625,2016,2,Q2,6,June,Jun 2016,25,6,Saturday,1
2016-06-26,20160626,2016,2,Q2,6,June,Jun 2016,26,7,Sunday,1
2016-06-27,20160627,2016,2,Q2,6,June,Jun 2016,27,1,Monday,0
2016-06-28,20160628,2016,2,Q2,6,June,Jun 2016,28,2,Tuesday,0
2016-06-29,20160629,2016,2,Q2,6,June,Jun 2016,29,3,Wednesday,0
2016-06-30,20160630,2016,2,Q2,6,June,Jun 2016,30,4,Thursday,0
2016-07-01,20160701,2016,3,Q3,7,July,Jul 2016,1,5,Friday,0
2016-07-02,20160702,2016,3,Q3,7,July,Jul 2016,2,6,Saturday,1
2016-07-03,20160703,2016,3,Q3,7,July,Jul 2016,3,7,Sunday,1
2016-07-04,20160704,2016,3,Q3,7,July,Jul 2016,4,1,Monday,0
2016-07-05,20160705,2016,3,Q3,7,July,Jul 2016,5,2,Tuesday,0
2016-07-06,20160706,2016,3,Q3,7,July,Jul 2016,6,3,Wednesday,0
2016-07-07,20160707,2016,3,Q3,7,July,Jul 2016,7,4,Thursday,0
2016-07-08,20160708,2016,3,Q3,7,July,Jul 2016,8,5,Friday,0
2016-07-09,20160709,2016,3,Q3,7,July,Jul 2016,9,6,Saturday,1
2016-07-10,20160710,2016,3,Q3,7,July,Jul 2016,10,7,Sunday,1
2016-07-11,20160711,2016,3,Q3,7,July,Jul 2016,11,1,Monday,0
2016-07-12,20160712,2016,3,Q3,7,July,Jul 2016,12,2,Tuesday,0
2016-07-13,20160713,2016,3,Q3,7,July,Jul 2016,13,3,Wednesday,0
2016-07-14,20160714,2016,3,Q3,7,July,Jul 2016,14,4,Thursday,0
2016-07-15,20160715,2016,3,Q3,7,July,Jul 2016,15,5,Friday,0
2016-07-16,20160716,2016,3,Q3,7,July,Jul 2016,16,6,Saturday,1
2016-07-17,20160717,2016,3,Q3,7,July,Jul 2016,17,7,Sunday,1
2016-07-18,20160718,2016,3,Q3,7,July,Jul 2016,18,1,Monday,0
2016-07-19,20160719,2016,3,Q3,7,July,Jul 2016,19,2,Tuesday,0
2016-07-20,20160720,2016,3,Q3,7,July,Jul 2016,20,3,Wednesday,0
2016-07-21,20160721,2016,3,Q3,7,July,Jul 2016,21,4,Thursday,0
2016-07-22,20160722,2016,3,Q3,7,July,Jul 2016,22,5,Friday,0
2016-07-23,20160723,2016,3,Q3,7,July,Jul 2016,23,6,Saturday,1
2016-07-24,20160724,2016,3,Q3,7,July,Jul 2016,24,7,Sunday,1
2016-07-25,20160725,2016,3,Q3,7,July,Jul 2016,25,1,Monday,0
2016-07-26,20160726,2016,3,Q3,7,July,Jul 2016,26,2,Tuesday,0
2016-07-27,20160727,2016,3,Q3,7,July,Jul 2016,27,3,Wednesday,0
2016-07-28,20160728,2016,3,Q3,7,July,Jul 2016,28,4,Thursday,0
2016-07-29,20160729,2016,3,Q3,7,July,Jul 2016,29,5,Friday,0
2016-07-30,20160730,2016,3,Q3,7,July,Jul 2016,30,6,Saturday,1
2016-07-31,20160731,2016,3,Q3,7,July,Jul 2016,31,7,Sunday,1
2016-08-01,20160801,2016,3,Q3,8,August,Aug 2016,1,1,Monday,0
2016-08-02,20160802,2016,3,Q3,8,August,Aug 2016,2,2,Tuesday,0
2016-08-03,20160803,2016,3,Q3,8,August,Aug 2016,3,3,Wednesday,0
2016-08-04,20160804,2016,3,Q3,8,August,Aug 2016,4,4,Thursday,0
2016-08-05,20160805,2016,3,Q3,8,August,Aug 2016,5,5,Friday,0
2016-08-06,20160806,2016,3,Q3,8,August,Aug 2016,6,6,Saturday,1
2016-08-07,20160807,2016,3,Q3,8,August,Aug 2016,7,7,Sunday,1
2016-08-08,20160808,2016,3,Q3,8,August,Aug 2016,8,1,Monday,0
2016-08-09,20160809,2016,3,Q3,8,August,Aug 2016,9,2,Tuesday,0
2016-08-10,20160810,2016,3,Q3,8,August,Aug 2016,10,3,Wednesday,0
2016-08-11,20160811,2016,3,Q3,8,August,Aug 2016,11,4,Thursday,0
2016-08-12,20160812,2016,3,Q3,8,August,Aug 2016,12,5,Friday,0
2016-08-13,20160813,2016,3,Q3,8,August,Aug 2016,13,6,Saturday,1
2016-08-14,20160814,2016,3,Q3,8,August,Aug 2016,14,7,Sunday,1
2016-08-15,20160815,2016,3,Q3,8,August,Aug 2016,15,1,Monday,0
2016-08-16,20160816,2016,3,Q3,8,August,Aug 2016,16,2,Tuesday,0
2016-08-17,20160817,2016,3,Q3,8,August,Aug 2016,17,3,Wednesday,0
2016-08-18,20160818,2016,3,Q3,8,August,Aug 2016,18,4,Thursday,0
2016-08-19,20160819,2016,3,Q3,8,August,Aug 2016,19,5,Friday,0
2016-08-20,20160820,2016,3,Q3,8,August,Aug 2016,20,6,Saturday,1
2016-08-21,20160821,2016,3,Q3,8,August,Aug 2016,21,7,Sunday,1
2016-08-22,20160822,2016,3,Q3,8,August,Aug 2016,22,1,Monday,0
2016-08-23,20160823,2016,3,Q3,8,August,Aug 2016,23,2,Tuesday,0
2016-08-24,20160824,2016,3,Q3,8,August,Aug 2016,24,3,Wednesday,0
2016-08-25,20160825,2016,3,Q3,8,August,Aug 2016,25,4,Thursday,0
2016-08-26,20160826,2016,3,Q3,8,August,Aug 2016,26,5,Friday,0
2016-08-27,20160827,2016,3,Q3,8,August,Aug 2016,27,6,Saturday,1
2016-08-28,20160828,2016,3,Q3,8,August,Aug 2016,28,7,Sunday,1
2016-08-29,20160829,2016,3,Q3,8,August,Aug 2016,29,1,Monday,0
2016-08-30,20160830,2016,3,Q3,8,August,Aug 2016,30,2,Tuesday,0
2016-08-31,20160831,2016,3,Q3,8,August,Aug 2016,31,3,Wednesday,0
2016-09-01,20160901,2016,3,Q3,9,September,Sep 2016,1,4,Thursday,0
2016-09-02,20160902,2016,3,Q3,9,September,Sep 2016,2,5,Friday,0
2016-09-03,20160903,2016,3,Q3,9,September,Sep 2016,3,6,Saturday,1
2016-09-04,20160904,2016,3,Q3,9,September,Sep 2016,4,7,Sunday,1
2016-09-05,20160905,2016,3,Q3,9,September,Sep 2016,5,1,Monday,0
2016-09-06,20160906,2016,3,Q3,9,September,Sep 2016,6,2,Tuesday,0
2016-09-07,20160907,2016,3,Q3,9,September,Sep 2016,7,3,Wednesday,0
2016-09-08,20160908,2016,3,Q3,9,September,Sep 2016,8,4,Thursday,0
2016-09-09,20160909,2016,3,Q3,9,September,Sep 2016,9,5,Friday,0
2016-09-10,20160910,2016,3,Q3,9,September,Sep 2016,10,6,Saturday,1
2016-09-11,20160911,2016,3,Q3,9,September,Sep 2016,11,7,Sunday,1
2016-09-12,20160912,2016,3,Q3,9,September,Sep 2016,12,1,Monday,0
2016-09-13,20160913,2016,3,Q3,9,September,Sep 2016,13,2,Tuesday,0
2016-09-14,20160914,2016,3,Q3,9,September,Sep 2016,14,3,Wednesday,0
2016-09-15,20160915,2016,3,Q3,9,September,Sep 2016,15,4,Thursday,0
2016-09-16,20160916,2016,3,Q3,9,September,Sep 2016,16,5,Friday,0
2016-09-17,20160917,2016,3,Q3,9,September,Sep 2016,17,6,Saturday,1
2016-09-18,20160918,2016,3,Q3,9,September,Sep 2016,18,7,Sunday,1
2016-09-19,20160919,2016,3,Q3,9,September,Sep 2016,19,1,Monday,0
2016-09-20,20160920,2016,3,Q3,9,September,Sep 2016,20,2,Tuesday,0
2016-09-21,20160921,2016,3,Q3,9,September,Sep 2016,21,3,Wednesday,0
2016-09-22,20160922,2016,3,Q3,9,September,Sep 2016,22,4,Thursday,0
2016-09-23,20160923,2016,3,Q3,9,September,Sep 2016,23,5,Friday,0
2016-09-24,20160924,2016,3,Q3,9,September,Sep 2016,24,6,Saturday,1
2016-09-25,20160925,2016,3,Q3,9,September,Sep 2016,25,7,Sunday,1
2016-09-26,20160926,2016,3,Q3,9,September,Sep 2016,26,1,Monday,0
2016-09-27,20160927,2016,3,Q3,9,September,Sep 2016,27,2,Tuesday,0
2016-09-28,20160928,2016,3,Q3,9,September,Sep 2016,28,3,Wednesday,0
2016-09-29,20160929,2016,3,Q3,9,September,Sep 2016,29,4,Thursday,0
2016-09-30,20160930,2016,3,Q3,9,September,Sep 2016,30,5,Friday,0
2016-10-01,20161001,2016,4,Q4,10,October,Oct 2016,1,6,Saturday,1
2016-10-02,20161002,2016,4,Q4,10,October,Oct 2016,2,7,Sunday,1
2016-10-03,20161003,2016,4,Q4,10,October,Oct 2016,3,1,Monday,0
2016-10-04,20161004,2016,4,Q4,10,October,Oct 2016,4,2,Tuesday,0
2016-10-05,20161005,2016,4,Q4,10,October,Oct 2016,5,3,Wednesday,0
2016-10-06,20161006,2016,4,Q4,10,October,Oct 2016,6,4,Thursday,0
2016-10-07,20161007,2016,4,Q4,10,October,Oct 2016,7,5,Friday,0
2016-10-08,20161008,2016,4,Q4,10,October,Oct 2016,8,6,Saturday,1
2016-10-09,20161009,2016,4,Q4,10,October,Oct 2016,9,7,Sunday,1
2016-10-10,20161010,2016,4,Q4,10,October,Oct 2016,10,1,Monday,0
2016-10-11,20161011,2016,4,Q4,10,October,Oct 2016,11,2,Tuesday,0
2016-10-12,20161012,2016,4,Q4,10,October,Oct 2016,12,3,Wednesday,0
2016-10-13,20161013,2016,4,Q4,10,October,Oct 2016,13,4,Thursday,0
2016-10-14,20161014,2016,4,Q4,10,October,Oct 2016,14,5,Friday,0
2016-10-15,20161015,2016,4,Q4,10,October,Oct 2016,15,6,Saturday,1
2016-10-16,20161016,2016,4,Q4,10,October,Oct 2016,16,7,Sunday,1
2016-10-17,20161017,2016,4,Q4,10,October,Oct 2016,17,1,Monday,0
2016-10-18,20161018,2016,4,Q4,10,October,Oct 2016,18,2,Tuesday,0
2016-10-19,20161019,2016,4,Q4,10,October,Oct 2016,19,3,Wednesday,0
2016-10-20,20161020,2016,4,Q4,10,October,Oct 2016,20,4,Thursday,0
2016-10-21,20161021,2016,4,Q4,10,October,Oct 2016,21,5,Friday,0
2016-10-22,20161022,2016,4,Q4,10,October,Oct 2016,22,6,Saturday,1
2016-10-23,20161023,2016,4,Q4,10,October,Oct 2016,23,7,Sunday,1
2016-10-24,20161024,2016,4,Q4,10,October,Oct 2016,24,1,Monday,0
2016-10-25,20161025,2016,4,Q4,10,October,Oct 2016,25,2,Tuesday,0
2016-10-26,20161026,2016,4,Q4,10,October,Oct 2016,26,3,Wednesday,0
2016-10-27,20161027,2016,4,Q4,10,October,Oct 2016,27,4,Thursday,0
2016-10-28,20161028,2016,4,Q4,10,October,Oct 2016,28,5,Friday,0
2016-10-29,20161029,2016,4,Q4,10,October,Oct 2016,29,6,Saturday,1
2016-10-30,20161030,2016,4,Q4,10,October,Oct 2016,30,7,Sunday,1
2016-10-31,20161031,2016,4,Q4,10,October,Oct 2016,31,1,Monday,0
2016-11-01,20161101,2016,4,Q4,11,November,Nov 2016,1,2,Tuesday,0
2016-11-02,20161102,2016,4,Q4,11,November,Nov 2016,2,3,Wednesday,0
2016-11-03,20161103,2016,4,Q4,11,November,Nov 2016,3,4,Thursday,0
2016-11-04,20161104,2016,4,Q4,11,November,Nov 2016,4,5,Friday,0
2016-11-05,20161105,2016,4,Q4,11,November,Nov 2016,5,6,Saturday,1
2016-11-06,20161106,2016,4,Q4,11,November,Nov 2016,6,7,Sunday,1
2016-11-07,20161107,2016,4,Q4,11,November,Nov 2016,7,1,Monday,0
2016-11-08,20161108,2016,4,Q4,11,November,Nov 2016,8,2,Tuesday,0
2016-11-09,20161109,2016,4,Q4,11,November,Nov 2016,9,3,Wednesday,0
2016-11-10,20161110,2016,4,Q4,11,November,Nov 2016,10,4,Thursday,0
2016-11-11,20161111,2016,4,Q4,11,November,Nov 2016,11,5,Friday,0
2016-11-12,20161112,2016,4,Q4,11,November,Nov 2016,12,6,Saturday,1
2016-11-13,20161113,2016,4,Q4,11,November,Nov 2016,13,7,Sunday,1
2016-11-14,20161114,2016,4,Q4,11,November,Nov 2016,14,1,Monday,0
2016-11-15,20161115,2016,4,Q4,11,November,Nov 2016,15,2,Tuesday,0
2016-11-16,20161116,2016,4,Q4,11,November,Nov 2016,16,3,Wednesday,0
2016-11-17,20161117,2016,4,Q4,11,November,Nov 2016,17,4,Thursday,0
2016-11-18,20161118,2016,4,Q4,11,November,Nov 2016,18,5,Friday,0
2016-11-19,20161119,2016,4,Q4,11,November,Nov 2016,19,6,Saturday,1
2016-11-20,20161120,2016,4,Q4,11,November,Nov 2016,20,7,Sunday,1
2016-11-21,20161121,2016,4,Q4,11,November,Nov 2016,21,1,Monday,0
2016-11-22,20161122,2016,4,Q4,11,November,Nov 2016,22,2,Tuesday,0
2016-11-23,20161123,2016,4,Q4,11,November,Nov 2016,23,3,Wednesday,0
2016-11-24,20161124,2016,4,Q4,11,November,Nov 2016,24,4,Thursday,0
2016-11-25,20161125,2016,4,Q4,11,November,Nov 2016,25,5,Friday,0
2016-11-26,20161126,2016,4,Q4,11,November,Nov 2016,26,6,Saturday,1
2016-11-27,20161127,2016,4,Q4,11,November,Nov 2016,27,7,Sunday,1
2016-11-28,20161128,2016,4,Q4,11,November,Nov 2016,28,1,Monday,0
2016-11-29,20161129,2016,4,Q4,11,November,Nov 2016,29,2,Tuesday,0
2016-11-30,20161130,2016,4,Q4,11,November,Nov 2016,30,3,Wednesday,0
2016-12-01,20161201,2016,4,Q4,12,December,Dec 2016,1,4,Thursday,0
2016-12-02,20161202,2016,4,Q4,12,December,Dec 2016,2,5,Friday,0
2016-12-03,20161203,2016,4,Q4,12,December,Dec 2016,3,6,Saturday,1
2016-12-04,20161204,2016,4,Q4,12,December,Dec 2016,4,7,Sunday,1
2016-12-05,20161205,2016,4,Q4,12,December,Dec 2016,5,1,Monday,0
2016-12-06,20161206,2016,4,Q4,12,December,Dec 2016,6,2,Tuesday,0
2016-12-07,20161207,2016,4,Q4,12,December,Dec 2016,7,3,Wednesday,0
2016-12-08,20161208,2016,4,Q4,12,December,Dec 2016,8,4,Thursday,0
2016-12-09,20161209,2016,4,Q4,12,December,Dec 2016,9,5,Friday,0
2016-12-10,20161210,2016,4,Q4,12,December,Dec 2016,10,6,Saturday,1
2016-12-11,20161211,2016,4,Q4,12,December,Dec 2016,11,7,Sunday,1
2016-12-12,20161212,2016,4,Q4,12,December,Dec 2016,12,1,Monday,0
2016-12-13,20161213,2016,4,Q4,12,December,Dec 2016,13,2,Tuesday,0
2016-12-14,20161214,2016,4,Q4,12,December,Dec 2016,14,3,Wednesday,0
2016-12-15,20161215,2016,4,Q4,12,December,Dec 2016,15,4,Thursday,0
2016-12-16,20161216,2016,4,Q4,12,December,Dec 2016,16,5,Friday,0
2016-12-17,20161217,2016,4,Q4,12,December,Dec 2016,17,6,Saturday,1
2016-12-18,20161218,2016,4,Q4,12,December,Dec 2016,18,7,Sunday,1
2016-12-19,20161219,2016,4,Q4,12,December,Dec 2016,19,1,Monday,0
2016-12-20,20161220,2016,4,Q4,12,December,Dec 2016,20,2,Tuesday,0
2016-12-21,20161221,2016,4,Q4,12,December,Dec 2016,21,3,Wednesday,0
2016-12-22,20161222,2016,4,Q4,12,December,Dec 2016,22,4,Thursday,0
2016-12-23,20161223,2016,4,Q4,12,December,Dec 2016,23,5,Friday,0
2016-12-24,20161224,2016,4,Q4,12,December,Dec 2016,24,6,Saturday,1
2016-12-25,20161225,2016,4,Q4,12,December,Dec 2016,25,7,Sunday,1
2016-12-26,20161226,2016,4,Q4,12,December,Dec 2016,26,1,Monday,0
2016-12-27,20161227,2016,4,Q4,12,December,Dec 2016,27,2,Tuesday,0
2016-12-28,20161228,2016,4,Q4,12,December,Dec 2016,28,3,Wednesday,0
2016-12-29,20161229,2016,4,Q4,12,December,Dec 2016,29,4,Thursday,0
2016-12-30,20161230,2016,4,Q4,12,December,Dec 2016,30,5,Friday,0
2016-12-31,20161231,2016,4,Q4,12,December,Dec 2016,31,6,Saturday,1
2017-01-01,20170101,2017,1,Q1,1,January,Jan 2017,1,7,Sunday,1
2017-01-02,20170102,2017,1,Q1,1,January,Jan 2017,2,1,Monday,0
2017-01-03,20170103,2017,1,Q1,1,January,Jan 2017,3,2,Tuesday,0
2017-01-04,20170104,2017,1,Q1,1,January,Jan 2017,4,3,Wednesday,0
2017-01-05,20170105,2017,1,Q1,1,January,Jan 2017,5,4,Thursday,0
2017-01-06,20170106,2017,1,Q1,1,January,Jan 2017,6,5,Friday,0
2017-01-07,20170107,2017,1,Q1,1,January,Jan 2017,7,6,Saturday,1
2017-01-08,20170108,2017,1,Q1,1,January,Jan 2017,8,7,Sunday,1
2017-01-09,20170109,2017,1,Q1,1,January,Jan 2017,9,1,Monday,0
2017-01-10,20170110,2017,1,Q1,1,January,Jan 2017,10,2,Tuesday,0
2017-01-11,20170111,2017,1,Q1,1,January,Jan 2017,11,3,Wednesday,0
2017-01-12,20170112,2017,1,Q1,1,January,Jan 2017,12,4,Thursday,0
2017-01-13,20170113,2017,1,Q1,1,January,Jan 2017,13,5,Friday,0
2017-01-14,20170114,2017,1,Q1,1,January,Jan 2017,14,6,Saturday,1
2017-01-15,20170115,2017,1,Q1,1,January,Jan 2017,15,7,Sunday,1
2017-01-16,20170116,2017,1,Q1,1,January,Jan 2017,16,1,Monday,0
2017-01-17,20170117,2017,1,Q1,1,January,Jan 2017,17,2,Tuesday,0
2017-01-18,20170118,2017,1,Q1,1,January,Jan 2017,18,3,Wednesday,0
2017-01-19,20170119,2017,1,Q1,1,January,Jan 2017,19,4,Thursday,0
2017-01-20,20170120,2017,1,Q1,1,January,Jan 2017,20,5,Friday,0
2017-01-21,20170121,2017,1,Q1,1,January,Jan 2017,21,6,Saturday,1
2017-01-22,20170122,2017,1,Q1,1,January,Jan 2017,22,7,Sunday,1
2017-01-23,20170123,2017,1,Q1,1,January,Jan 2017,23,1,Monday,0
2017-01-24,20170124,2017,1,Q1,1,January,Jan 2017,24,2,Tuesday,0
2017-01-25,20170125,2017,1,Q1,1,January,Jan 2017,25,3,Wednesday,0
2017-01-26,20170126,2017,1,Q1,1,January,Jan 2017,26,4,Thursday,0
2017-01-27,20170127,2017,1,Q1,1,January,Jan 2017,27,5,Friday,0
2017-01-28,20170128,2017,1,Q1,1,January,Jan 2017,28,6,Saturday,1
2017-01-29,20170129,2017,1,Q1,1,January,Jan 2017,29,7,Sunday,1
2017-01-30,20170130,2017,1,Q1,1,January,Jan 2017,30,1,Monday,0
2017-01-31,20170131,2017,1,Q1,1,January,Jan 2017,31,2,Tuesday,0
2017-02-01,20170201,2017,1,Q1,2,February,Feb 2017,1,3,Wednesday,0
2017-02-02,20170202,2017,1,Q1,2,February,Feb 2017,2,4,Thursday,0
2017-02-03,20170203,2017,1,Q1,2,February,Feb 2017,3,5,Friday,0
2017-02-04,20170204,2017,1,Q1,2,February,Feb 2017,4,6,Saturday,1
2017-02-05,20170205,2017,1,Q1,2,February,Feb 2017,5,7,Sunday,1
2017-02-06,20170206,2017,1,Q1,2,February,Feb 2017,6,1,Monday,0
2017-02-07,20170207,2017,1,Q1,2,February,Feb 2017,7,2,Tuesday,0
2017-02-08,20170208,2017,1,Q1,2,February,Feb 2017,8,3,Wednesday,0
2017-02-09,20170209,2017,1,Q1,2,February,Feb 2017,9,4,Thursday,0
2017-02-10,20170210,2017,1,Q1,2,February,Feb 2017,10,5,Friday,0
2017-02-11,20170211,2017,1,Q1,2,February,Feb 2017,11,6,Saturday,1
2017-02-12,20170212,2017,1,Q1,2,February,Feb 2017,12,7,Sunday,1
2017-02-13,20170213,2017,1,Q1,2,February,Feb 2017,13,1,Monday,0
2017-02-14,20170214,2017,1,Q1,2,February,Feb 2017,14,2,Tuesday,0
2017-02-15,20170215,2017,1,Q1,2,February,Feb 2017,15,3,Wednesday,0
2017-02-16,20170216,2017,1,Q1,2,February,Feb 2017,16,4,Thursday,0
2017-02-17,20170217,2017,1,Q1,2,February,Feb 2017,17,5,Friday,0
2017-02-18,20170218,2017,1,Q1,2,February,Feb 2017,18,6,Saturday,1
2017-02-19,20170219,2017,1,Q1,2,February,Feb 2017,19,7,Sunday,1
2017-02-20,20170220,2017,1,Q1,2,February,Feb 2017,20,1,Monday,0
2017-02-21,20170221,2017,1,Q1,2,February,Feb 2017,21,2,Tuesday,0
2017-02-22,20170222,2017,1,Q1,2,February,Feb 2017,22,3,Wednesday,0
2017-02-23,20170223,2017,1,Q1,2,February,Feb 2017,23,4,Thursday,0
2017-02-24,20170224,2017,1,Q1,2,February,Feb 2017,24,5,Friday,0
2017-02-25,20170225,2017,1,Q1,2,February,Feb 2017,25,6,Saturday,1
2017-02-26,20170226,2017,1,Q1,2,February,Feb 2017,26,7,Sunday,1
2017-02-27,20170227,2017,1,Q1,2,February,Feb 2017,27,1,Monday,0
2017-02-28,20170228,2017,1,Q1,2,February,Feb 2017,28,2,Tuesday,0
2017-03-01,20170301,2017,1,Q1,3,March,Mar 2017,1,3,Wednesday,0
2017-03-02,20170302,2017,1,Q1,3,March,Mar 2017,2,4,Thursday,0
2017-03-03,20170303,2017,1,Q1,3,March,Mar 2017,3,5,Friday,0
2017-03-04,20170304,2017,1,Q1,3,March,Mar 2017,4,6,Saturday,1
2017-03-05,20170305,2017,1,Q1,3,March,Mar 2017,5,7,Sunday,1
2017-03-06,20170306,2017,1,Q1,3,March,Mar 2017,6,1,Monday,0
2017-03-07,20170307,2017,1,Q1,3,March,Mar 2017,7,2,Tuesday,0
2017-03-08,20170308,2017,1,Q1,3,March,Mar 2017,8,3,Wednesday,0
2017-03-09,20170309,2017,1,Q1,3,March,Mar 2017,9,4,Thursday,0
2017-03-10,20170310,2017,1,Q1,3,March,Mar 2017,10,5,Friday,0
2017-03-11,20170311,2017,1,Q1,3,March,Mar 2017,11,6,Saturday,1
2017-03-12,20170312,2017,1,Q1,3,March,Mar 2017,12,7,Sunday,1
2017-03-13,20170313,2017,1,Q1,3,March,Mar 2017,13,1,Monday,0
2017-03-14,20170314,2017,1,Q1,3,March,Mar 2017,14,2,Tuesday,0
2017-03-15,20170315,2017,1,Q1,3,March,Mar 2017,15,3,Wednesday,0
2017-03-16,20170316,2017,1,Q1,3,March,Mar 2017,16,4,Thursday,0
2017-03-17,20170317,2017,1,Q1,3,March,Mar 2017,17,5,Friday,0
2017-03-18,20170318,2017,1,Q1,3,March,Mar 2017,18,6,Saturday,1
2017-03-19,20170319,2017,1,Q1,3,March,Mar 2017,19,7,Sunday,1
2017-03-20,20170320,2017,1,Q1,3,March,Mar 2017,20,1,Monday,0
2017-03-21,20170321,2017,1,Q1,3,March,Mar 2017,21,2,Tuesday,0
2017-03-22,20170322,2017,1,Q1,3,March,Mar 2017,22,3,Wednesday,0
2017-03-23,20170323,2017,1,Q1,3,March,Mar 2017,23,4,Thursday,0
2017-03-24,20170324,2017,1,Q1,3,March,Mar 2017,24,5,Friday,0
2017-03-25,20170325,2017,1,Q1,3,March,Mar 2017,25,6,Saturday,1
2017-03-26,20170326,2017,1,Q1,3,March,Mar 2017,26,7,Sunday,1
2017-03-27,20170327,2017,1,Q1,3,March,Mar 2017,27,1,Monday,0
2017-03-28,20170328,2017,1,Q1,3,March,Mar 2017,28,2,Tuesday,0
2017-03-29,20170329,2017,1,Q1,3,March,Mar 2017,29,3,Wednesday,0
2017-03-30,20170330,2017,1,Q1,3,March,Mar 2017,30,4,Thursday,0
2017-03-31,20170331,2017,1,Q1,3,March,Mar 2017,31,5,Friday,0
2017-04-01,20170401,2017,2,Q2,4,April,Apr 2017,1,6,Saturday,1
2017-04-02,20170402,2017,2,Q2,4,April,Apr 2017,2,7,Sunday,1
2017-04-03,20170403,2017,2,Q2,4,April,Apr 2017,3,1,Monday,0
2017-04-04,20170404,2017,2,Q2,4,April,Apr 2017,4,2,Tuesday,0
2017-04-05,20170405,2017,2,Q2,4,April,Apr 2017,5,3,Wednesday,0
2017-04-06,20170406,2017,2,Q2,4,April,Apr 2017,6,4,Thursday,0
2017-04-07,20170407,2017,2,Q2,4,April,Apr 2017,7,5,Friday,0
2017-04-08,20170408,2017,2,Q2,4,April,Apr 2017,8,6,Saturday,1
2017-04-09,20170409,2017,2,Q2,4,April,Apr 2017,9,7,Sunday,1
2017-04-10,20170410,2017,2,Q2,4,April,Apr 2017,10,1,Monday,0
2017-04-11,20170411,2017,2,Q2,4,April,Apr 2017,11,2,Tuesday,0
2017-04-12,20170412,2017,2,Q2,4,April,Apr 2017,12,3,Wednesday,0
2017-04-13,20170413,2017,2,Q2,4,April,Apr 2017,13,4,Thursday,0
2017-04-14,20170414,2017,2,Q2,4,April,Apr 2017,14,5,Friday,0
2017-04-15,20170415,2017,2,Q2,4,April,Apr 2017,15,6,Saturday,1
2017-04-16,20170416,2017,2,Q2,4,April,Apr 2017,16,7,Sunday,1
2017-04-17,20170417,2017,2,Q2,4,April,Apr 2017,17,1,Monday,0
2017-04-18,20170418,2017,2,Q2,4,April,Apr 2017,18,2,Tuesday,0
2017-04-19,20170419,2017,2,Q2,4,April,Apr 2017,19,3,Wednesday,0
2017-04-20,20170420,2017,2,Q2,4,April,Apr 2017,20,4,Thursday,0
2017-04-21,20170421,2017,2,Q2,4,April,Apr 2017,21,5,Friday,0
2017-04-22,20170422,2017,2,Q2,4,April,Apr 2017,22,6,Saturday,1
2017-04-23,20170423,2017,2,Q2,4,April,Apr 2017,23,7,Sunday,1
2017-04-24,20170424,2017,2,Q2,4,April,Apr 2017,24,1,Monday,0
2017-04-25,20170425,2017,2,Q2,4,April,Apr 2017,25,2,Tuesday,0
2017-04-26,20170426,2017,2,Q2,4,April,Apr 2017,26,3,Wednesday,0
2017-04-27,20170427,2017,2,Q2,4,April,Apr 2017,27,4,Thursday,0
2017-04-28,20170428,2017,2,Q2,4,April,Apr 2017,28,5,Friday,0
2017-04-29,20170429,2017,2,Q2,4,April,Apr 2017,29,6,Saturday,1
2017-04-30,20170430,2017,2,Q2,4,April,Apr 2017,30,7,Sunday,1
2017-05-01,20170501,2017,2,Q2,5,May,May 2017,1,1,Monday,0
2017-05-02,20170502,2017,2,Q2,5,May,May 2017,2,2,Tuesday,0
2017-05-03,20170503,2017,2,Q2,5,May,May 2017,3,3,Wednesday,0
2017-05-04,20170504,2017,2,Q2,5,May,May 2017,4,4,Thursday,0
2017-05-05,20170505,2017,2,Q2,5,May,May 2017,5,5,Friday,0
2017-05-06,20170506,2017,2,Q2,5,May,May 2017,6,6,Saturday,1
2017-05-07,20170507,2017,2,Q2,5,May,May 2017,7,7,Sunday,1
2017-05-08,20170508,2017,2,Q2,5,May,May 2017,8,1,Monday,0
2017-05-09,20170509,2017,2,Q2,5,May,May 2017,9,2,Tuesday,0
2017-05-10,20170510,2017,2,Q2,5,May,May 2017,10,3,Wednesday,0
2017-05-11,20170511,2017,2,Q2,5,May,May 2017,11,4,Thursday,0
2017-05-12,20170512,2017,2,Q2,5,May,May 2017,12,5,Friday,0
2017-05-13,20170513,2017,2,Q2,5,May,May 2017,13,6,Saturday,1
2017-05-14,20170514,2017,2,Q2,5,May,May 2017,14,7,Sunday,1
2017-05-15,20170515,2017,2,Q2,5,May,May 2017,15,1,Monday,0
2017-05-16,20170516,2017,2,Q2,5,May,May 2017,16,2,Tuesday,0
2017-05-17,20170517,2017,2,Q2,5,May,May 2017,17,3,Wednesday,0
2017-05-18,20170518,2017,2,Q2,5,May,May 2017,18,4,Thursday,0
2017-05-19,20170519,2017,2,Q2,5,May,May 2017,19,5,Friday,0
2017-05-20,20170520,2017,2,Q2,5,May,May 2017,20,6,Saturday,1
2017-05-21,20170521,2017,2,Q2,5,May,May 2017,21,7,Sunday,1
2017-05-22,20170522,2017,2,Q2,5,May,May 2017,22,1,Monday,0
2017-05-23,20170523,2017,2,Q2,5,May,May 2017,23,2,Tuesday,0
2017-05-24,20170524,2017,2,Q2,5,May,May 2017,24,3,Wednesday,0
2017-05-25,20170525,2017,2,Q2,5,May,May 2017,25,4,Thursday,0
2017-05-26,20170526,2017,2,Q2,5,May,May 2017,26,5,Friday,0
2017-05-27,20170527,2017,2,Q2,5,May,May 2017,27,6,Saturday,1
2017-05-28,20170528,2017,2,Q2,5,May,May 2017,28,7,Sunday,1
2017-05-29,20170529,2017,2,Q2,5,May,May 2017,29,1,Monday,0
2017-05-30,20170530,2017,2,Q2,5,May,May 2017,30,2,Tuesday,0
2017-05-31,20170531,2017,2,Q2,5,May,May 2017,31,3,Wednesday,0
2017-06-01,20170601,2017,2,Q2,6,June,Jun 2017,1,4,Thursday,0
2017-06-02,20170602,2017,2,Q2,6,June,Jun 2017,2,5,Friday,0
2017-06-03,20170603,2017,2,Q2,6,June,Jun 2017,3,6,Saturday,1
2017-06-04,20170604,2017,2,Q2,6,June,Jun 2017,4,7,Sunday,1
2017-06-05,20170605,2017,2,Q2,6,June,Jun 2017,5,1,Monday,0
2017-06-06,20170606,2017,2,Q2,6,June,Jun 2017,6,2,Tuesday,0
2017-06-07,20170607,2017,2,Q2,6,June,Jun 2017,7,3,Wednesday,0
2017-06-08,20170608,2017,2,Q2,6,June,Jun 2017,8,4,Thursday,0
2017-06-09,20170609,2017,2,Q2,6,June,Jun 2017,9,5,Friday,0
2017-06-10,20170610,2017,2,Q2,6,June,Jun 2017,10,6,Saturday,1
2017-06-11,20170611,2017,2,Q2,6,June,Jun 2017,11,7,Sunday,1
2017-06-12,20170612,2017,2,Q2,6,June,Jun 2017,12,1,Monday,0
2017-06-13,20170613,2017,2,Q2,6,June,Jun 2017,13,2,Tuesday,0
2017-06-14,20170614,2017,2,Q2,6,June,Jun 2017,14,3,Wednesday,0
2017-06-15,20170615,2017,2,Q2,6,June,Jun 2017,15,4,Thursday,0
2017-06-16,20170616,2017,2,Q2,6,June,Jun 2017,16,5,Friday,0
2017-06-17,20170617,2017,2,Q2,6,June,Jun 2017,17,6,Saturday,1
2017-06-18,20170618,2017,2,Q2,6,June,Jun 2017,18,7,Sunday,1
2017-06-19,20170619,2017,2,Q2,6,June,Jun 2017,19,1,Monday,0
2017-06-20,20170620,2017,2,Q2,6,June,Jun 2017,20,2,Tuesday,0
2017-06-21,20170621,2017,2,Q2,6,June,Jun 2017,21,3,Wednesday,0
2017-06-22,20170622,2017,2,Q2,6,June,Jun 2017,22,4,Thursday,0
2017-06-23,20170623,2017,2,Q2,6,June,Jun 2017,23,5,Friday,0
2017-06-24,20170624,2017,2,Q2,6,June,Jun 2017,24,6,Saturday,1
2017-06-25,20170625,2017,2,Q2,6,June,Jun 2017,25,7,Sunday,1
2017-06-26,20170626,2017,2,Q2,6,June,Jun 2017,26,1,Monday,0
2017-06-27,20170627,2017,2,Q2,6,June,Jun 2017,27,2,Tuesday,0
2017-06-28,20170628,2017,2,Q2,6,June,Jun 2017,28,3,Wednesday,0
2017-06-29,20170629,2017,2,Q2,6,June,Jun 2017,29,4,Thursday,0
2017-06-30,20170630,2017,2,Q2,6,June,Jun 2017,30,5,Friday,0
2017-07-01,20170701,2017,3,Q3,7,July,Jul 2017,1,6,Saturday,1
2017-07-02,20170702,2017,3,Q3,7,July,Jul 2017,2,7,Sunday,1
2017-07-03,20170703,2017,3,Q3,7,July,Jul 2017,3,1,Monday,0
2017-07-04,20170704,2017,3,Q3,7,July,Jul 2017,4,2,Tuesday,0
2017-07-05,20170705,2017,3,Q3,7,July,Jul 2017,5,3,Wednesday,0
2017-07-06,20170706,2017,3,Q3,7,July,Jul 2017,6,4,Thursday,0
2017-07-07,20170707,2017,3,Q3,7,July,Jul 2017,7,5,Friday,0
2017-07-08,20170708,2017,3,Q3,7,July,Jul 2017,8,6,Saturday,1
2017-07-09,20170709,2017,3,Q3,7,July,Jul 2017,9,7,Sunday,1
2017-07-10,20170710,2017,3,Q3,7,July,Jul 2017,10,1,Monday,0
2017-07-11,20170711,2017,3,Q3,7,July,Jul 2017,11,2,Tuesday,0
2017-07-12,20170712,2017,3,Q3,7,July,Jul 2017,12,3,Wednesday,0
2017-07-13,20170713,2017,3,Q3,7,July,Jul 2017,13,4,Thursday,0
2017-07-14,20170714,2017,3,Q3,7,July,Jul 2017,14,5,Friday,0
2017-07-15,20170715,2017,3,Q3,7,July,Jul 2017,15,6,Saturday,1
2017-07-16,20170716,2017,3,Q3,7,July,Jul 2017,16,7,Sunday,1
2017-07-17,20170717,2017,3,Q3,7,July,Jul 2017,17,1,Monday,0
2017-07-18,20170718,2017,3,Q3,7,July,Jul 2017,18,2,Tuesday,0
2017-07-19,20170719,2017,3,Q3,7,July,Jul 2017,19,3,Wednesday,0
2017-07-20,20170720,2017,3,Q3,7,July,Jul 2017,20,4,Thursday,0
2017-07-21,20170721,2017,3,Q3,7,July,Jul 2017,21,5,Friday,0
2017-07-22,20170722,2017,3,Q3,7,July,Jul 2017,22,6,Saturday,1
2017-07-23,20170723,2017,3,Q3,7,July,Jul 2017,23,7,Sunday,1
2017-07-24,20170724,2017,3,Q3,7,July,Jul 2017,24,1,Monday,0
2017-07-25,20170725,2017,3,Q3,7,July,Jul 2017,25,2,Tuesday,0
2017-07-26,20170726,2017,3,Q3,7,July,Jul 2017,26,3,Wednesday,0
2017-07-27,20170727,2017,3,Q3,7,July,Jul 2017,27,4,Thursday,0
2017-07-28,20170728,2017,3,Q3,7,July,Jul 2017,28,5,Friday,0
2017-07-29,20170729,2017,3,Q3,7,July,Jul 2017,29,6,Saturday,1
2017-07-30,20170730,2017,3,Q3,7,July,Jul 2017,30,7,Sunday,1
2017-07-31,20170731,2017,3,Q3,7,July,Jul 2017,31,1,Monday,0
2017-08-01,20170801,2017,3,Q3,8,August,Aug 2017,1,2,Tuesday,0
2017-08-02,20170802,2017,3,Q3,8,August,Aug 2017,2,3,Wednesday,0
2017-08-03,20170803,2017,3,Q3,8,August,Aug 2017,3,4,Thursday,0
2017-08-04,20170804,2017,3,Q3,8,August,Aug 2017,4,5,Friday,0
2017-08-05,20170805,2017,3,Q3,8,August,Aug 2017,5,6,Saturday,1
2017-08-06,20170806,2017,3,Q3,8,August,Aug 2017,6,7,Sunday,1
2017-08-07,20170807,2017,3,Q3,8,August,Aug 2017,7,1,Monday,0
2017-08-08,20170808,2017,3,Q3,8,August,Aug 2017,8,2,Tuesday,0
2017-08-09,20170809,2017,3,Q3,8,August,Aug 2017,9,3,Wednesday,0
2017-08-10,20170810,2017,3,Q3,8,August,Aug 2017,10,4,Thursday,0
2017-08-11,20170811,2017,3,Q3,8,August,Aug 2017,11,5,Friday,0
2017-08-12,20170812,2017,3,Q3,8,August,Aug 2017,12,6,Saturday,1
2017-08-13,20170813,2017,3,Q3,8,August,Aug 2017,13,7,Sunday,1
2017-08-14,20170814,2017,3,Q3,8,August,Aug 2017,14,1,Monday,0
2017-08-15,20170815,2017,3,Q3,8,August,Aug 2017,15,2,Tuesday,0
2017-08-16,20170816,2017,3,Q3,8,August,Aug 2017,16,3,Wednesday,0
2017-08-17,20170817,2017,3,Q3,8,August,Aug 2017,17,4,Thursday,0
2017-08-18,20170818,2017,3,Q3,8,August,Aug 2017,18,5,Friday,0
2017-08-19,20170819,2017,3,Q3,8,August,Aug 2017,19,6,Saturday,1
2017-08-20,20170820,2017,3,Q3,8,August,Aug 2017,20,7,Sunday,1
2017-08-21,20170821,2017,3,Q3,8,August,Aug 2017,21,1,Monday,0
2017-08-22,20170822,2017,3,Q3,8,August,Aug 2017,22,2,Tuesday,0
2017-08-23,20170823,2017,3,Q3,8,August,Aug 2017,23,3,Wednesday,0
2017-08-24,20170824,2017,3,Q3,8,August,Aug 2017,24,4,Thursday,0
2017-08-25,20170825,2017,3,Q3,8,August,Aug 2017,25,5,Friday,0
2017-08-26,20170826,2017,3,Q3,8,August,Aug 2017,26,6,Saturday,1
2017-08-27,20170827,2017,3,Q3,8,August,Aug 2017,27,7,Sunday,1
2017-08-28,20170828,2017,3,Q3,8,August,Aug 2017,28,1,Monday,0
2017-08-29,20170829,2017,3,Q3,8,August,Aug 2017,29,2,Tuesday,0
2017-08-30,20170830,2017,3,Q3,8,August,Aug 2017,30,3,Wednesday,0
2017-08-31,20170831,2017,3,Q3,8,August,Aug 2017,31,4,Thursday,0
2017-09-01,20170901,2017,3,Q3,9,September,Sep 2017,1,5,Friday,0
2017-09-02,20170902,2017,3,Q3,9,September,Sep 2017,2,6,Saturday,1
2017-09-03,20170903,2017,3,Q3,9,September,Sep 2017,3,7,Sunday,1
2017-09-04,20170904,2017,3,Q3,9,September,Sep 2017,4,1,Monday,0
2017-09-05,20170905,2017,3,Q3,9,September,Sep 2017,5,2,Tuesday,0
2017-09-06,20170906,2017,3,Q3,9,September,Sep 2017,6,3,Wednesday,0
2017-09-07,20170907,2017,3,Q3,9,September,Sep 2017,7,4,Thursday,0
2017-09-08,20170908,2017,3,Q3,9,September,Sep 2017,8,5,Friday,0
2017-09-09,20170909,2017,3,Q3,9,September,Sep 2017,9,6,Saturday,1
2017-09-10,20170910,2017,3,Q3,9,September,Sep 2017,10,7,Sunday,1
2017-09-11,20170911,2017,3,Q3,9,September,Sep 2017,11,1,Monday,0
2017-09-12,20170912,2017,3,Q3,9,September,Sep 2017,12,2,Tuesday,0
2017-09-13,20170913,2017,3,Q3,9,September,Sep 2017,13,3,Wednesday,0
2017-09-14,20170914,2017,3,Q3,9,September,Sep 2017,14,4,Thursday,0
2017-09-15,20170915,2017,3,Q3,9,September,Sep 2017,15,5,Friday,0
2017-09-16,20170916,2017,3,Q3,9,September,Sep 2017,16,6,Saturday,1
2017-09-17,20170917,2017,3,Q3,9,September,Sep 2017,17,7,Sunday,1
2017-09-18,20170918,2017,3,Q3,9,September,Sep 2017,18,1,Monday,0
2017-09-19,20170919,2017,3,Q3,9,September,Sep 2017,19,2,Tuesday,0
2017-09-20,20170920,2017,3,Q3,9,September,Sep 2017,20,3,Wednesday,0
2017-09-21,20170921,2017,3,Q3,9,September,Sep 2017,21,4,Thursday,0
2017-09-22,20170922,2017,3,Q3,9,September,Sep 2017,22,5,Friday,0
2017-09-23,20170923,2017,3,Q3,9,September,Sep 2017,23,6,Saturday,1
2017-09-24,20170924,2017,3,Q3,9,September,Sep 2017,24,7,Sunday,1
2017-09-25,20170925,2017,3,Q3,9,September,Sep 2017,25,1,Monday,0
2017-09-26,20170926,2017,3,Q3,9,September,Sep 2017,26,2,Tuesday,0
2017-09-27,20170927,2017,3,Q3,9,September,Sep 2017,27,3,Wednesday,0
2017-09-28,20170928,2017,3,Q3,9,September,Sep 2017,28,4,Thursday,0
2017-09-29,20170929,2017,3,Q3,9,September,Sep 2017,29,5,Friday,0
2017-09-30,20170930,2017,3,Q3,9,September,Sep 2017,30,6,Saturday,1
2017-10-01,20171001,2017,4,Q4,10,October,Oct 2017,1,7,Sunday,1
2017-10-02,20171002,2017,4,Q4,10,October,Oct 2017,2,1,Monday,0
2017-10-03,20171003,2017,4,Q4,10,October,Oct 2017,3,2,Tuesday,0
2017-10-04,20171004,2017,4,Q4,10,October,Oct 2017,4,3,Wednesday,0
2017-10-05,20171005,2017,4,Q4,10,October,Oct 2017,5,4,Thursday,0
2017-10-06,20171006,2017,4,Q4,10,October,Oct 2017,6,5,Friday,0
2017-10-07,20171007,2017,4,Q4,10,October,Oct 2017,7,6,Saturday,1
2017-10-08,20171008,2017,4,Q4,10,October,Oct 2017,8,7,Sunday,1
2017-10-09,20171009,2017,4,Q4,10,October,Oct 2017,9,1,Monday,0
2017-10-10,20171010,2017,4,Q4,10,October,Oct 2017,10,2,Tuesday,0
2017-10-11,20171011,2017,4,Q4,10,October,Oct 2017,11,3,Wednesday,0
2017-10-12,20171012,2017,4,Q4,10,October,Oct 2017,12,4,Thursday,0
2017-10-13,20171013,2017,4,Q4,10,October,Oct 2017,13,5,Friday,0
2017-10-14,20171014,2017,4,Q4,10,October,Oct 2017,14,6,Saturday,1
2017-10-15,20171015,2017,4,Q4,10,October,Oct 2017,15,7,Sunday,1
2017-10-16,20171016,2017,4,Q4,10,October,Oct 2017,16,1,Monday,0
2017-10-17,20171017,2017,4,Q4,10,October,Oct 2017,17,2,Tuesday,0
2017-10-18,20171018,2017,4,Q4,10,October,Oct 2017,18,3,Wednesday,0
2017-10-19,20171019,2017,4,Q4,10,October,Oct 2017,19,4,Thursday,0
2017-10-20,20171020,2017,4,Q4,10,October,Oct 2017,20,5,Friday,0
2017-10-21,20171021,2017,4,Q4,10,October,Oct 2017,21,6,Saturday,1
2017-10-22,20171022,2017,4,Q4,10,October,Oct 2017,22,7,Sunday,1
2017-10-23,20171023,2017,4,Q4,10,October,Oct 2017,23,1,Monday,0
2017-10-24,20171024,2017,4,Q4,10,October,Oct 2017,24,2,Tuesday,0
2017-10-25,20171025,2017,4,Q4,10,October,Oct 2017,25,3,Wednesday,0
2017-10-26,20171026,2017,4,Q4,10,October,Oct 2017,26,4,Thursday,0
2017-10-27,20171027,2017,4,Q4,10,October,Oct 2017,27,5,Friday,0
2017-10-28,20171028,2017,4,Q4,10,October,Oct 2017,28,6,Saturday,1
2017-10-29,20171029,2017,4,Q4,10,October,Oct 2017,29,7,Sunday,1
2017-10-30,20171030,2017,4,Q4,10,October,Oct 2017,30,1,Monday,0
2017-10-31,20171031,2017,4,Q4,10,October,Oct 2017,31,2,Tuesday,0
2017-11-01,20171101,2017,4,Q4,11,November,Nov 2017,1,3,Wednesday,0
2017-11-02,20171102,2017,4,Q4,11,November,Nov 2017,2,4,Thursday,0
2017-11-03,20171103,2017,4,Q4,11,November,Nov 2017,3,5,Friday,0
2017-11-04,20171104,2017,4,Q4,11,November,Nov 2017,4,6,Saturday,1
2017-11-05,20171105,2017,4,Q4,11,November,Nov 2017,5,7,Sunday,1
2017-11-06,20171106,2017,4,Q4,11,November,Nov 2017,6,1,Monday,0
2017-11-07,20171107,2017,4,Q4,11,November,Nov 2017,7,2,Tuesday,0
2017-11-08,20171108,2017,4,Q4,11,November,Nov 2017,8,3,Wednesday,0
2017-11-09,20171109,2017,4,Q4,11,November,Nov 2017,9,4,Thursday,0
2017-11-10,20171110,2017,4,Q4,11,November,Nov 2017,10,5,Friday,0
2017-11-11,20171111,2017,4,Q4,11,November,Nov 2017,11,6,Saturday,1
2017-11-12,20171112,2017,4,Q4,11,November,Nov 2017,12,7,Sunday,1
2017-11-13,20171113,2017,4,Q4,11,November,Nov 2017,13,1,Monday,0
2017-11-14,20171114,2017,4,Q4,11,November,Nov 2017,14,2,Tuesday,0
2017-11-15,20171115,2017,4,Q4,11,November,Nov 2017,15,3,Wednesday,0
2017-11-16,20171116,2017,4,Q4,11,November,Nov 2017,16,4,Thursday,0
2017-11-17,20171117,2017,4,Q4,11,November,Nov 2017,17,5,Friday,0
2017-11-18,20171118,2017,4,Q4,11,November,Nov 2017,18,6,Saturday,1
2017-11-19,20171119,2017,4,Q4,11,November,Nov 2017,19,7,Sunday,1
2017-11-20,20171120,2017,4,Q4,11,November,Nov 2017,20,1,Monday,0
2017-11-21,20171121,2017,4,Q4,11,November,Nov 2017,21,2,Tuesday,0
2017-11-22,20171122,2017,4,Q4,11,November,Nov 2017,22,3,Wednesday,0
2017-11-23,20171123,2017,4,Q4,11,November,Nov 2017,23,4,Thursday,0
2017-11-24,20171124,2017,4,Q4,11,November,Nov 2017,24,5,Friday,0
2017-11-25,20171125,2017,4,Q4,11,November,Nov 2017,25,6,Saturday,1
2017-11-26,20171126,2017,4,Q4,11,November,Nov 2017,26,7,Sunday,1
2017-11-27,20171127,2017,4,Q4,11,November,Nov 2017,27,1,Monday,0
2017-11-28,20171128,2017,4,Q4,11,November,Nov 2017,28,2,Tuesday,0
2017-11-29,20171129,2017,4,Q4,11,November,Nov 2017,29,3,Wednesday,0
2017-11-30,20171130,2017,4,Q4,11,November,Nov 2017,30,4,Thursday,0
2017-12-01,20171201,2017,4,Q4,12,December,Dec 2017,1,5,Friday,0
2017-12-02,20171202,2017,4,Q4,12,December,Dec 2017,2,6,Saturday,1
2017-12-03,20171203,2017,4,Q4,12,December,Dec 2017,3,7,Sunday,1
2017-12-04,20171204,2017,4,Q4,12,December,Dec 2017,4,1,Monday,0
2017-12-05,20171205,2017,4,Q4,12,December,Dec 2017,5,2,Tuesday,0
2017-12-06,20171206,2017,4,Q4,12,December,Dec 2017,6,3,Wednesday,0
2017-12-07,20171207,2017,4,Q4,12,December,Dec 2017,7,4,Thursday,0
2017-12-08,20171208,2017,4,Q4,12,December,Dec 2017,8,5,Friday,0
2017-12-09,20171209,2017,4,Q4,12,December,Dec 2017,9,6,Saturday,1
2017-12-10,20171210,2017,4,Q4,12,December,Dec 2017,10,7,Sunday,1
2017-12-11,20171211,2017,4,Q4,12,December,Dec 2017,11,1,Monday,0
2017-12-12,20171212,2017,4,Q4,12,December,Dec 2017,12,2,Tuesday,0
2017-12-13,20171213,2017,4,Q4,12,December,Dec 2017,13,3,Wednesday,0
2017-12-14,20171214,2017,4,Q4,12,December,Dec 2017,14,4,Thursday,0
2017-12-15,20171215,2017,4,Q4,12,December,Dec 2017,15,5,Friday,0
2017-12-16,20171216,2017,4,Q4,12,December,Dec 2017,16,6,Saturday,1
2017-12-17,20171217,2017,4,Q4,12,December,Dec 2017,17,7,Sunday,1
2017-12-18,20171218,2017,4,Q4,12,December,Dec 2017,18,1,Monday,0
2017-12-19,20171219,2017,4,Q4,12,December,Dec 2017,19,2,Tuesday,0
2017-12-20,20171220,2017,4,Q4,12,December,Dec 2017,20,3,Wednesday,0
2017-12-21,20171221,2017,4,Q4,12,December,Dec 2017,21,4,Thursday,0
2017-12-22,20171222,2017,4,Q4,12,December,Dec 2017,22,5,Friday,0
2017-12-23,20171223,2017,4,Q4,12,December,Dec 2017,23,6,Saturday,1
2017-12-24,20171224,2017,4,Q4,12,December,Dec 2017,24,7,Sunday,1
2017-12-25,20171225,2017,4,Q4,12,December,Dec 2017,25,1,Monday,0
2017-12-26,20171226,2017,4,Q4,12,December,Dec 2017,26,2,Tuesday,0
2017-12-27,20171227,2017,4,Q4,12,December,Dec 2017,27,3,Wednesday,0
2017-12-28,20171228,2017,4,Q4,12,December,Dec 2017,28,4,Thursday,0
2017-12-29,20171229,2017,4,Q4,12,December,Dec 2017,29,5,Friday,0
2017-12-30,20171230,2017,4,Q4,12,December,Dec 2017,30,6,Saturday,1
2017-12-31,20171231,2017,4,Q4,12,December,Dec 2017,31,7,Sunday,1
2018-01-01,20180101,2018,1,Q1,1,January,Jan 2018,1,1,Monday,0
2018-01-02,20180102,2018,1,Q1,1,January,Jan 2018,2,2,Tuesday,0
2018-01-03,20180103,2018,1,Q1,1,January,Jan 2018,3,3,Wednesday,0
2018-01-04,20180104,2018,1,Q1,1,January,Jan 2018,4,4,Thursday,0
2018-01-05,20180105,2018,1,Q1,1,January,Jan 2018,5,5,Friday,0
2018-01-06,20180106,2018,1,Q1,1,January,Jan 2018,6,6,Saturday,1
2018-01-07,20180107,2018,1,Q1,1,January,Jan 2018,7,7,Sunday,1
2018-01-08,20180108,2018,1,Q1,1,January,Jan 2018,8,1,Monday,0
2018-01-09,20180109,2018,1,Q1,1,January,Jan 2018,9,2,Tuesday,0
2018-01-10,20180110,2018,1,Q1,1,January,Jan 2018,10,3,Wednesday,0
2018-01-11,20180111,2018,1,Q1,1,January,Jan 2018,11,4,Thursday,0
2018-01-12,20180112,2018,1,Q1,1,January,Jan 2018,12,5,Friday,0
2018-01-13,20180113,2018,1,Q1,1,January,Jan 2018,13,6,Saturday,1
2018-01-14,20180114,2018,1,Q1,1,January,Jan 2018,14,7,Sunday,1
2018-01-15,20180115,2018,1,Q1,1,January,Jan 2018,15,1,Monday,0
2018-01-16,20180116,2018,1,Q1,1,January,Jan 2018,16,2,Tuesday,0
2018-01-17,20180117,2018,1,Q1,1,January,Jan 2018,17,3,Wednesday,0
2018-01-18,20180118,2018,1,Q1,1,January,Jan 2018,18,4,Thursday,0
2018-01-19,20180119,2018,1,Q1,1,January,Jan 2018,19,5,Friday,0
2018-01-20,20180120,2018,1,Q1,1,January,Jan 2018,20,6,Saturday,1
2018-01-21,20180121,2018,1,Q1,1,January,Jan 2018,21,7,Sunday,1
2018-01-22,20180122,2018,1,Q1,1,January,Jan 2018,22,1,Monday,0
2018-01-23,20180123,2018,1,Q1,1,January,Jan 2018,23,2,Tuesday,0
2018-01-24,20180124,2018,1,Q1,1,January,Jan 2018,24,3,Wednesday,0
2018-01-25,20180125,2018,1,Q1,1,January,Jan 2018,25,4,Thursday,0
2018-01-26,20180126,2018,1,Q1,1,January,Jan 2018,26,5,Friday,0
2018-01-27,20180127,2018,1,Q1,1,January,Jan 2018,27,6,Saturday,1
2018-01-28,20180128,2018,1,Q1,1,January,Jan 2018,28,7,Sunday,1
2018-01-29,20180129,2018,1,Q1,1,January,Jan 2018,29,1,Monday,0
2018-01-30,20180130,2018,1,Q1,1,January,Jan 2018,30,2,Tuesday,0
2018-01-31,20180131,2018,1,Q1,1,January,Jan 2018,31,3,Wednesday,0
2018-02-01,20180201,2018,1,Q1,2,February,Feb 2018,1,4,Thursday,0
2018-02-02,20180202,2018,1,Q1,2,February,Feb 2018,2,5,Friday,0
2018-02-03,20180203,2018,1,Q1,2,February,Feb 2018,3,6,Saturday,1
2018-02-04,20180204,2018,1,Q1,2,February,Feb 2018,4,7,Sunday,1
2018-02-05,20180205,2018,1,Q1,2,February,Feb 2018,5,1,Monday,0
2018-02-06,20180206,2018,1,Q1,2,February,Feb 2018,6,2,Tuesday,0
2018-02-07,20180207,2018,1,Q1,2,February,Feb 2018,7,3,Wednesday,0
2018-02-08,20180208,2018,1,Q1,2,February,Feb 2018,8,4,Thursday,0
2018-02-09,20180209,2018,1,Q1,2,February,Feb 2018,9,5,Friday,0
2018-02-10,20180210,2018,1,Q1,2,February,Feb 2018,10,6,Saturday,1
2018-02-11,20180211,2018,1,Q1,2,February,Feb 2018,11,7,Sunday,1
2018-02-12,20180212,2018,1,Q1,2,February,Feb 2018,12,1,Monday,0
2018-02-13,20180213,2018,1,Q1,2,February,Feb 2018,13,2,Tuesday,0
2018-02-14,20180214,2018,1,Q1,2,February,Feb 2018,14,3,Wednesday,0
2018-02-15,20180215,2018,1,Q1,2,February,Feb 2018,15,4,Thursday,0
2018-02-16,20180216,2018,1,Q1,2,February,Feb 2018,16,5,Friday,0
2018-02-17,20180217,2018,1,Q1,2,February,Feb 2018,17,6,Saturday,1
2018-02-18,20180218,2018,1,Q1,2,February,Feb 2018,18,7,Sunday,1
2018-02-19,20180219,2018,1,Q1,2,February,Feb 2018,19,1,Monday,0
2018-02-20,20180220,2018,1,Q1,2,February,Feb 2018,20,2,Tuesday,0
2018-02-21,20180221,2018,1,Q1,2,February,Feb 2018,21,3,Wednesday,0
2018-02-22,20180222,2018,1,Q1,2,February,Feb 2018,22,4,Thursday,0
2018-02-23,20180223,2018,1,Q1,2,February,Feb 2018,23,5,Friday,0
2018-02-24,20180224,2018,1,Q1,2,February,Feb 2018,24,6,Saturday,1
2018-02-25,20180225,2018,1,Q1,2,February,Feb 2018,25,7,Sunday,1
2018-02-26,20180226,2018,1,Q1,2,February,Feb 2018,26,1,Monday,0
2018-02-27,20180227,2018,1,Q1,2,February,Feb 2018,27,2,Tuesday,0
2018-02-28,20180228,2018,1,Q1,2,February,Feb 2018,28,3,Wednesday,0
2018-03-01,20180301,2018,1,Q1,3,March,Mar 2018,1,4,Thursday,0
2018-03-02,20180302,2018,1,Q1,3,March,Mar 2018,2,5,Friday,0
2018-03-03,20180303,2018,1,Q1,3,March,Mar 2018,3,6,Saturday,1
2018-03-04,20180304,2018,1,Q1,3,March,Mar 2018,4,7,Sunday,1
2018-03-05,20180305,2018,1,Q1,3,March,Mar 2018,5,1,Monday,0
2018-03-06,20180306,2018,1,Q1,3,March,Mar 2018,6,2,Tuesday,0
2018-03-07,20180307,2018,1,Q1,3,March,Mar 2018,7,3,Wednesday,0
2018-03-08,20180308,2018,1,Q1,3,March,Mar 2018,8,4,Thursday,0
2018-03-09,20180309,2018,1,Q1,3,March,Mar 2018,9,5,Friday,0
2018-03-10,20180310,2018,1,Q1,3,March,Mar 2018,10,6,Saturday,1
2018-03-11,20180311,2018,1,Q1,3,March,Mar 2018,11,7,Sunday,1
2018-03-12,20180312,2018,1,Q1,3,March,Mar 2018,12,1,Monday,0
2018-03-13,20180313,2018,1,Q1,3,March,Mar 2018,13,2,Tuesday,0
2018-03-14,20180314,2018,1,Q1,3,March,Mar 2018,14,3,Wednesday,0
2018-03-15,20180315,2018,1,Q1,3,March,Mar 2018,15,4,Thursday,0
2018-03-16,20180316,2018,1,Q1,3,March,Mar 2018,16,5,Friday,0
2018-03-17,20180317,2018,1,Q1,3,March,Mar 2018,17,6,Saturday,1
2018-03-18,20180318,2018,1,Q1,3,March,Mar 2018,18,7,Sunday,1
2018-03-19,20180319,2018,1,Q1,3,March,Mar 2018,19,1,Monday,0
2018-03-20,20180320,2018,1,Q1,3,March,Mar 2018,20,2,Tuesday,0
2018-03-21,20180321,2018,1,Q1,3,March,Mar 2018,21,3,Wednesday,0
2018-03-22,20180322,2018,1,Q1,3,March,Mar 2018,22,4,Thursday,0
2018-03-23,20180323,2018,1,Q1,3,March,Mar 2018,23,5,Friday,0
2018-03-24,20180324,2018,1,Q1,3,March,Mar 2018,24,6,Saturday,1
2018-03-25,20180325,2018,1,Q1,3,March,Mar 2018,25,7,Sunday,1
2018-03-26,20180326,2018,1,Q1,3,March,Mar 2018,26,1,Monday,0
2018-03-27,20180327,2018,1,Q1,3,March,Mar 2018,27,2,Tuesday,0
2018-03-28,20180328,2018,1,Q1,3,March,Mar 2018,28,3,Wednesday,0
2018-03-29,20180329,2018,1,Q1,3,March,Mar 2018,29,4,Thursday,0
2018-03-30,20180330,2018,1,Q1,3,March,Mar 2018,30,5,Friday,0
2018-03-31,20180331,2018,1,Q1,3,March,Mar 2018,31,6,Saturday,1
2018-04-01,20180401,2018,2,Q2,4,April,Apr 2018,1,7,Sunday,1
2018-04-02,20180402,2018,2,Q2,4,April,Apr 2018,2,1,Monday,0
2018-04-03,20180403,2018,2,Q2,4,April,Apr 2018,3,2,Tuesday,0
2018-04-04,20180404,2018,2,Q2,4,April,Apr 2018,4,3,Wednesday,0
2018-04-05,20180405,2018,2,Q2,4,April,Apr 2018,5,4,Thursday,0
2018-04-06,20180406,2018,2,Q2,4,April,Apr 2018,6,5,Friday,0
2018-04-07,20180407,2018,2,Q2,4,April,Apr 2018,7,6,Saturday,1
2018-04-08,20180408,2018,2,Q2,4,April,Apr 2018,8,7,Sunday,1
2018-04-09,20180409,2018,2,Q2,4,April,Apr 2018,9,1,Monday,0
2018-04-10,20180410,2018,2,Q2,4,April,Apr 2018,10,2,Tuesday,0
2018-04-11,20180411,2018,2,Q2,4,April,Apr 2018,11,3,Wednesday,0
2018-04-12,20180412,2018,2,Q2,4,April,Apr 2018,12,4,Thursday,0
2018-04-13,20180413,2018,2,Q2,4,April,Apr 2018,13,5,Friday,0
2018-04-14,20180414,2018,2,Q2,4,April,Apr 2018,14,6,Saturday,1
2018-04-15,20180415,2018,2,Q2,4,April,Apr 2018,15,7,Sunday,1
2018-04-16,20180416,2018,2,Q2,4,April,Apr 2018,16,1,Monday,0
2018-04-17,20180417,2018,2,Q2,4,April,Apr 2018,17,2,Tuesday,0
2018-04-18,20180418,2018,2,Q2,4,April,Apr 2018,18,3,Wednesday,0
2018-04-19,20180419,2018,2,Q2,4,April,Apr 2018,19,4,Thursday,0
2018-04-20,20180420,2018,2,Q2,4,April,Apr 2018,20,5,Friday,0
2018-04-21,20180421,2018,2,Q2,4,April,Apr 2018,21,6,Saturday,1
2018-04-22,20180422,2018,2,Q2,4,April,Apr 2018,22,7,Sunday,1
2018-04-23,20180423,2018,2,Q2,4,April,Apr 2018,23,1,Monday,0
2018-04-24,20180424,2018,2,Q2,4,April,Apr 2018,24,2,Tuesday,0
2018-04-25,20180425,2018,2,Q2,4,April,Apr 2018,25,3,Wednesday,0
2018-04-26,20180426,2018,2,Q2,4,April,Apr 2018,26,4,Thursday,0
2018-04-27,20180427,2018,2,Q2,4,April,Apr 2018,27,5,Friday,0
2018-04-28,20180428,2018,2,Q2,4,April,Apr 2018,28,6,Saturday,1
2018-04-29,20180429,2018,2,Q2,4,April,Apr 2018,29,7,Sunday,1
2018-04-30,20180430,2018,2,Q2,4,April,Apr 2018,30,1,Monday,0
2018-05-01,20180501,2018,2,Q2,5,May,May 2018,1,2,Tuesday,0
2018-05-02,20180502,2018,2,Q2,5,May,May 2018,2,3,Wednesday,0
2018-05-03,20180503,2018,2,Q2,5,May,May 2018,3,4,Thursday,0
2018-05-04,20180504,2018,2,Q2,5,May,May 2018,4,5,Friday,0
2018-05-05,20180505,2018,2,Q2,5,May,May 2018,5,6,Saturday,1
2018-05-06,20180506,2018,2,Q2,5,May,May 2018,6,7,Sunday,1
2018-05-07,20180507,2018,2,Q2,5,May,May 2018,7,1,Monday,0
2018-05-08,20180508,2018,2,Q2,5,May,May 2018,8,2,Tuesday,0
2018-05-09,20180509,2018,2,Q2,5,May,May 2018,9,3,Wednesday,0
2018-05-10,20180510,2018,2,Q2,5,May,May 2018,10,4,Thursday,0
2018-05-11,20180511,2018,2,Q2,5,May,May 2018,11,5,Friday,0
2018-05-12,20180512,2018,2,Q2,5,May,May 2018,12,6,Saturday,1
2018-05-13,20180513,2018,2,Q2,5,May,May 2018,13,7,Sunday,1
2018-05-14,20180514,2018,2,Q2,5,May,May 2018,14,1,Monday,0
2018-05-15,20180515,2018,2,Q2,5,May,May 2018,15,2,Tuesday,0
2018-05-16,20180516,2018,2,Q2,5,May,May 2018,16,3,Wednesday,0
2018-05-17,20180517,2018,2,Q2,5,May,May 2018,17,4,Thursday,0
2018-05-18,20180518,2018,2,Q2,5,May,May 2018,18,5,Friday,0
2018-05-19,20180519,2018,2,Q2,5,May,May 2018,19,6,Saturday,1
2018-05-20,20180520,2018,2,Q2,5,May,May 2018,20,7,Sunday,1
2018-05-21,20180521,2018,2,Q2,5,May,May 2018,21,1,Monday,0
2018-05-22,20180522,2018,2,Q2,5,May,May 2018,22,2,Tuesday,0
2018-05-23,20180523,2018,2,Q2,5,May,May 2018,23,3,Wednesday,0
2018-05-24,20180524,2018,2,Q2,5,May,May 2018,24,4,Thursday,0
2018-05-25,20180525,2018,2,Q2,5,May,May 2018,25,5,Friday,0
2018-05-26,20180526,2018,2,Q2,5,May,May 2018,26,6,Saturday,1
2018-05-27,20180527,2018,2,Q2,5,May,May 2018,27,7,Sunday,1
2018-05-28,20180528,2018,2,Q2,5,May,May 2018,28,1,Monday,0
2018-05-29,20180529,2018,2,Q2,5,May,May 2018,29,2,Tuesday,0
2018-05-30,20180530,2018,2,Q2,5,May,May 2018,30,3,Wednesday,0
2018-05-31,20180531,2018,2,Q2,5,May,May 2018,31,4,Thursday,0
2018-06-01,20180601,2018,2,Q2,6,June,Jun 2018,1,5,Friday,0
2018-06-02,20180602,2018,2,Q2,6,June,Jun 2018,2,6,Saturday,1
2018-06-03,20180603,2018,2,Q2,6,June,Jun 2018,3,7,Sunday,1
2018-06-04,20180604,2018,2,Q2,6,June,Jun 2018,4,1,Monday,0
2018-06-05,20180605,2018,2,Q2,6,June,Jun 2018,5,2,Tuesday,0
2018-06-06,20180606,2018,2,Q2,6,June,Jun 2018,6,3,Wednesday,0
2018-06-07,20180607,2018,2,Q2,6,June,Jun 2018,7,4,Thursday,0
2018-06-08,20180608,2018,2,Q2,6,June,Jun 2018,8,5,Friday,0
2018-06-09,20180609,2018,2,Q2,6,June,Jun 2018,9,6,Saturday,1
2018-06-10,20180610,2018,2,Q2,6,June,Jun 2018,10,7,Sunday,1
2018-06-11,20180611,2018,2,Q2,6,June,Jun 2018,11,1,Monday,0
2018-06-12,20180612,2018,2,Q2,6,June,Jun 2018,12,2,Tuesday,0
2018-06-13,20180613,2018,2,Q2,6,June,Jun 2018,13,3,Wednesday,0
2018-06-14,20180614,2018,2,Q2,6,June,Jun 2018,14,4,Thursday,0
2018-06-15,20180615,2018,2,Q2,6,June,Jun 2018,15,5,Friday,0
2018-06-16,20180616,2018,2,Q2,6,June,Jun 2018,16,6,Saturday,1
2018-06-17,20180617,2018,2,Q2,6,June,Jun 2018,17,7,Sunday,1
2018-06-18,20180618,2018,2,Q2,6,June,Jun 2018,18,1,Monday,0
2018-06-19,20180619,2018,2,Q2,6,June,Jun 2018,19,2,Tuesday,0
2018-06-20,20180620,2018,2,Q2,6,June,Jun 2018,20,3,Wednesday,0
2018-06-21,20180621,2018,2,Q2,6,June,Jun 2018,21,4,Thursday,0
2018-06-22,20180622,2018,2,Q2,6,June,Jun 2018,22,5,Friday,0
2018-06-23,20180623,2018,2,Q2,6,June,Jun 2018,23,6,Saturday,1
2018-06-24,20180624,2018,2,Q2,6,June,Jun 2018,24,7,Sunday,1
2018-06-25,20180625,2018,2,Q2,6,June,Jun 2018,25,1,Monday,0
2018-06-26,20180626,2018,2,Q2,6,June,Jun 2018,26,2,Tuesday,0
2018-06-27,20180627,2018,2,Q2,6,June,Jun 2018,27,3,Wednesday,0
2018-06-28,20180628,2018,2,Q2,6,June,Jun 2018,28,4,Thursday,0
2018-06-29,20180629,2018,2,Q2,6,June,Jun 2018,29,5,Friday,0
2018-06-30,20180630,2018,2,Q2,6,June,Jun 2018,30,6,Saturday,1
2018-07-01,20180701,2018,3,Q3,7,July,Jul 2018,1,7,Sunday,1
2018-07-02,20180702,2018,3,Q3,7,July,Jul 2018,2,1,Monday,0
2018-07-03,20180703,2018,3,Q3,7,July,Jul 2018,3,2,Tuesday,0
2018-07-04,20180704,2018,3,Q3,7,July,Jul 2018,4,3,Wednesday,0
2018-07-05,20180705,2018,3,Q3,7,July,Jul 2018,5,4,Thursday,0
2018-07-06,20180706,2018,3,Q3,7,July,Jul 2018,6,5,Friday,0
2018-07-07,20180707,2018,3,Q3,7,July,Jul 2018,7,6,Saturday,1
2018-07-08,20180708,2018,3,Q3,7,July,Jul 2018,8,7,Sunday,1
2018-07-09,20180709,2018,3,Q3,7,July,Jul 2018,9,1,Monday,0
2018-07-10,20180710,2018,3,Q3,7,July,Jul 2018,10,2,Tuesday,0
2018-07-11,20180711,2018,3,Q3,7,July,Jul 2018,11,3,Wednesday,0
2018-07-12,20180712,2018,3,Q3,7,July,Jul 2018,12,4,Thursday,0
2018-07-13,20180713,2018,3,Q3,7,July,Jul 2018,13,5,Friday,0
2018-07-14,20180714,2018,3,Q3,7,July,Jul 2018,14,6,Saturday,1
2018-07-15,20180715,2018,3,Q3,7,July,Jul 2018,15,7,Sunday,1
2018-07-16,20180716,2018,3,Q3,7,July,Jul 2018,16,1,Monday,0
2018-07-17,20180717,2018,3,Q3,7,July,Jul 2018,17,2,Tuesday,0
2018-07-18,20180718,2018,3,Q3,7,July,Jul 2018,18,3,Wednesday,0
2018-07-19,20180719,2018,3,Q3,7,July,Jul 2018,19,4,Thursday,0
2018-07-20,20180720,2018,3,Q3,7,July,Jul 2018,20,5,Friday,0
2018-07-21,20180721,2018,3,Q3,7,July,Jul 2018,21,6,Saturday,1
2018-07-22,20180722,2018,3,Q3,7,July,Jul 2018,22,7,Sunday,1
2018-07-23,20180723,2018,3,Q3,7,July,Jul 2018,23,1,Monday,0
2018-07-24,20180724,2018,3,Q3,7,July,Jul 2018,24,2,Tuesday,0
2018-07-25,20180725,2018,3,Q3,7,July,Jul 2018,25,3,Wednesday,0
2018-07-26,20180726,2018,3,Q3,7,July,Jul 2018,26,4,Thursday,0
2018-07-27,20180727,2018,3,Q3,7,July,Jul 2018,27,5,Friday,0
2018-07-28,20180728,2018,3,Q3,7,July,Jul 2018,28,6,Saturday,1
2018-07-29,20180729,2018,3,Q3,7,July,Jul 2018,29,7,Sunday,1
2018-07-30,20180730,2018,3,Q3,7,July,Jul 2018,30,1,Monday,0
2018-07-31,20180731,2018,3,Q3,7,July,Jul 2018,31,2,Tuesday,0
2018-08-01,20180801,2018,3,Q3,8,August,Aug 2018,1,3,Wednesday,0
2018-08-02,20180802,2018,3,Q3,8,August,Aug 2018,2,4,Thursday,0
2018-08-03,20180803,2018,3,Q3,8,August,Aug 2018,3,5,Friday,0
2018-08-04,20180804,2018,3,Q3,8,August,Aug 2018,4,6,Saturday,1
2018-08-05,20180805,2018,3,Q3,8,August,Aug 2018,5,7,Sunday,1
2018-08-06,20180806,2018,3,Q3,8,August,Aug 2018,6,1,Monday,0
2018-08-07,20180807,2018,3,Q3,8,August,Aug 2018,7,2,Tuesday,0
2018-08-08,20180808,2018,3,Q3,8,August,Aug 2018,8,3,Wednesday,0
2018-08-09,20180809,2018,3,Q3,8,August,Aug 2018,9,4,Thursday,0
2018-08-10,20180810,2018,3,Q3,8,August,Aug 2018,10,5,Friday,0
2018-08-11,20180811,2018,3,Q3,8,August,Aug 2018,11,6,Saturday,1
2018-08-12,20180812,2018,3,Q3,8,August,Aug 2018,12,7,Sunday,1
2018-08-13,20180813,2018,3,Q3,8,August,Aug 2018,13,1,Monday,0
2018-08-14,20180814,2018,3,Q3,8,August,Aug 2018,14,2,Tuesday,0
2018-08-15,20180815,2018,3,Q3,8,August,Aug 2018,15,3,Wednesday,0
2018-08-16,20180816,2018,3,Q3,8,August,Aug 2018,16,4,Thursday,0
2018-08-17,20180817,2018,3,Q3,8,August,Aug 2018,17,5,Friday,0
2018-08-18,20180818,2018,3,Q3,8,August,Aug 2018,18,6,Saturday,1
2018-08-19,20180819,2018,3,Q3,8,August,Aug 2018,19,7,Sunday,1
2018-08-20,20180820,2018,3,Q3,8,August,Aug 2018,20,1,Monday,0
2018-08-21,20180821,2018,3,Q3,8,August,Aug 2018,21,2,Tuesday,0
2018-08-22,20180822,2018,3,Q3,8,August,Aug 2018,22,3,Wednesday,0
2018-08-23,20180823,2018,3,Q3,8,August,Aug 2018,23,4,Thursday,0
2018-08-24,20180824,2018,3,Q3,8,August,Aug 2018,24,5,Friday,0
2018-08-25,20180825,2018,3,Q3,8,August,Aug 2018,25,6,Saturday,1
2018-08-26,20180826,2018,3,Q3,8,August,Aug 2018,26,7,Sunday,1
2018-08-27,20180827,2018,3,Q3,8,August,Aug 2018,27,1,Monday,0
2018-08-28,20180828,2018,3,Q3,8,August,Aug 2018,28,2,Tuesday,0
2018-08-29,20180829,2018,3,Q3,8,August,Aug 2018,29,3,Wednesday,0
2018-08-30,20180830,2018,3,Q3,8,August,Aug 2018,30,4,Thursday,0
2018-08-31,20180831,2018,3,Q3,8,August,Aug 2018,31,5,Friday,0
2018-09-01,20180901,2018,3,Q3,9,September,Sep 2018,1,6,Saturday,1
2018-09-02,20180902,2018,3,Q3,9,September,Sep 2018,2,7,Sunday,1
2018-09-03,20180903,2018,3,Q3,9,September,Sep 2018,3,1,Monday,0
2018-09-04,20180904,2018,3,Q3,9,September,Sep 2018,4,2,Tuesday,0
2018-09-05,20180905,2018,3,Q3,9,September,Sep 2018,5,3,Wednesday,0
2018-09-06,20180906,2018,3,Q3,9,September,Sep 2018,6,4,Thursday,0
2018-09-07,20180907,2018,3,Q3,9,September,Sep 2018,7,5,Friday,0
2018-09-08,20180908,2018,3,Q3,9,September,Sep 2018,8,6,Saturday,1
2018-09-09,20180909,2018,3,Q3,9,September,Sep 2018,9,7,Sunday,1
2018-09-10,20180910,2018,3,Q3,9,September,Sep 2018,10,1,Monday,0
2018-09-11,20180911,2018,3,Q3,9,September,Sep 2018,11,2,Tuesday,0
2018-09-12,20180912,2018,3,Q3,9,September,Sep 2018,12,3,Wednesday,0
2018-09-13,20180913,2018,3,Q3,9,September,Sep 2018,13,4,Thursday,0
2018-09-14,20180914,2018,3,Q3,9,September,Sep 2018,14,5,Friday,0
2018-09-15,20180915,2018,3,Q3,9,September,Sep 2018,15,6,Saturday,1
2018-09-16,20180916,2018,3,Q3,9,September,Sep 2018,16,7,Sunday,1
2018-09-17,20180917,2018,3,Q3,9,September,Sep 2018,17,1,Monday,0
2018-09-18,20180918,2018,3,Q3,9,September,Sep 2018,18,2,Tuesday,0
2018-09-19,20180919,2018,3,Q3,9,September,Sep 2018,19,3,Wednesday,0
2018-09-20,20180920,2018,3,Q3,9,September,Sep 2018,20,4,Thursday,0
2018-09-21,20180921,2018,3,Q3,9,September,Sep 2018,21,5,Friday,0
2018-09-22,20180922,2018,3,Q3,9,September,Sep 2018,22,6,Saturday,1
2018-09-23,20180923,2018,3,Q3,9,September,Sep 2018,23,7,Sunday,1
2018-09-24,20180924,2018,3,Q3,9,September,Sep 2018,24,1,Monday,0
2018-09-25,20180925,2018,3,Q3,9,September,Sep 2018,25,2,Tuesday,0
2018-09-26,20180926,2018,3,Q3,9,September,Sep 2018,26,3,Wednesday,0
2018-09-27,20180927,2018,3,Q3,9,September,Sep 2018,27,4,Thursday,0
2018-09-28,20180928,2018,3,Q3,9,September,Sep 2018,28,5,Friday,0
2018-09-29,20180929,2018,3,Q3,9,September,Sep 2018,29,6,Saturday,1
2018-09-30,20180930,2018,3,Q3,9,September,Sep 2018,30,7,Sunday,1
2018-10-01,20181001,2018,4,Q4,10,October,Oct 2018,1,1,Monday,0
2018-10-02,20181002,2018,4,Q4,10,October,Oct 2018,2,2,Tuesday,0
2018-10-03,20181003,2018,4,Q4,10,October,Oct 2018,3,3,Wednesday,0
2018-10-04,20181004,2018,4,Q4,10,October,Oct 2018,4,4,Thursday,0
2018-10-05,20181005,2018,4,Q4,10,October,Oct 2018,5,5,Friday,0
2018-10-06,20181006,2018,4,Q4,10,October,Oct 2018,6,6,Saturday,1
2018-10-07,20181007,2018,4,Q4,10,October,Oct 2018,7,7,Sunday,1
2018-10-08,20181008,2018,4,Q4,10,October,Oct 2018,8,1,Monday,0
2018-10-09,20181009,2018,4,Q4,10,October,Oct 2018,9,2,Tuesday,0
2018-10-10,20181010,2018,4,Q4,10,October,Oct 2018,10,3,Wednesday,0
2018-10-11,20181011,2018,4,Q4,10,October,Oct 2018,11,4,Thursday,0
2018-10-12,20181012,2018,4,Q4,10,October,Oct 2018,12,5,Friday,0
2018-10-13,20181013,2018,4,Q4,10,October,Oct 2018,13,6,Saturday,1
2018-10-14,20181014,2018,4,Q4,10,October,Oct 2018,14,7,Sunday,1
2018-10-15,20181015,2018,4,Q4,10,October,Oct 2018,15,1,Monday,0
2018-10-16,20181016,2018,4,Q4,10,October,Oct 2018,16,2,Tuesday,0
2018-10-17,20181017,2018,4,Q4,10,October,Oct 2018,17,3,Wednesday,0
2018-10-18,20181018,2018,4,Q4,10,October,Oct 2018,18,4,Thursday,0
2018-10-19,20181019,2018,4,Q4,10,October,Oct 2018,19,5,Friday,0
2018-10-20,20181020,2018,4,Q4,10,October,Oct 2018,20,6,Saturday,1
2018-10-21,20181021,2018,4,Q4,10,October,Oct 2018,21,7,Sunday,1
2018-10-22,20181022,2018,4,Q4,10,October,Oct 2018,22,1,Monday,0
2018-10-23,20181023,2018,4,Q4,10,October,Oct 2018,23,2,Tuesday,0
2018-10-24,20181024,2018,4,Q4,10,October,Oct 2018,24,3,Wednesday,0
2018-10-25,20181025,2018,4,Q4,10,October,Oct 2018,25,4,Thursday,0
2018-10-26,20181026,2018,4,Q4,10,October,Oct 2018,26,5,Friday,0
2018-10-27,20181027,2018,4,Q4,10,October,Oct 2018,27,6,Saturday,1
2018-10-28,20181028,2018,4,Q4,10,October,Oct 2018,28,7,Sunday,1
2018-10-29,20181029,2018,4,Q4,10,October,Oct 2018,29,1,Monday,0
2018-10-30,20181030,2018,4,Q4,10,October,Oct 2018,30,2,Tuesday,0
2018-10-31,20181031,2018,4,Q4,10,October,Oct 2018,31,3,Wednesday,0
2018-11-01,20181101,2018,4,Q4,11,November,Nov 2018,1,4,Thursday,0
2018-11-02,20181102,2018,4,Q4,11,November,Nov 2018,2,5,Friday,0
2018-11-03,20181103,2018,4,Q4,11,November,Nov 2018,3,6,Saturday,1
2018-11-04,20181104,2018,4,Q4,11,November,Nov 2018,4,7,Sunday,1
2018-11-05,20181105,2018,4,Q4,11,November,Nov 2018,5,1,Monday,0
2018-11-06,20181106,2018,4,Q4,11,November,Nov 2018,6,2,Tuesday,0
2018-11-07,20181107,2018,4,Q4,11,November,Nov 2018,7,3,Wednesday,0
2018-11-08,20181108,2018,4,Q4,11,November,Nov 2018,8,4,Thursday,0
2018-11-09,20181109,2018,4,Q4,11,November,Nov 2018,9,5,Friday,0
2018-11-10,20181110,2018,4,Q4,11,November,Nov 2018,10,6,Saturday,1
2018-11-11,20181111,2018,4,Q4,11,November,Nov 2018,11,7,Sunday,1
2018-11-12,20181112,2018,4,Q4,11,November,Nov 2018,12,1,Monday,0
2018-11-13,20181113,2018,4,Q4,11,November,Nov 2018,13,2,Tuesday,0
2018-11-14,20181114,2018,4,Q4,11,November,Nov 2018,14,3,Wednesday,0
2018-11-15,20181115,2018,4,Q4,11,November,Nov 2018,15,4,Thursday,0
2018-11-16,20181116,2018,4,Q4,11,November,Nov 2018,16,5,Friday,0
2018-11-17,20181117,2018,4,Q4,11,November,Nov 2018,17,6,Saturday,1
2018-11-18,20181118,2018,4,Q4,11,November,Nov 2018,18,7,Sunday,1
2018-11-19,20181119,2018,4,Q4,11,November,Nov 2018,19,1,Monday,0
2018-11-20,20181120,2018,4,Q4,11,November,Nov 2018,20,2,Tuesday,0
2018-11-21,20181121,2018,4,Q4,11,November,Nov 2018,21,3,Wednesday,0
2018-11-22,20181122,2018,4,Q4,11,November,Nov 2018,22,4,Thursday,0
2018-11-23,20181123,2018,4,Q4,11,November,Nov 2018,23,5,Friday,0
2018-11-24,20181124,2018,4,Q4,11,November,Nov 2018,24,6,Saturday,1
2018-11-25,20181125,2018,4,Q4,11,November,Nov 2018,25,7,Sunday,1
2018-11-26,20181126,2018,4,Q4,11,November,Nov 2018,26,1,Monday,0
2018-11-27,20181127,2018,4,Q4,11,November,Nov 2018,27,2,Tuesday,0
2018-11-28,20181128,2018,4,Q4,11,November,Nov 2018,28,3,Wednesday,0
2018-11-29,20181129,2018,4,Q4,11,November,Nov 2018,29,4,Thursday,0
2018-11-30,20181130,2018,4,Q4,11,November,Nov 2018,30,5,Friday,0
2018-12-01,20181201,2018,4,Q4,12,December,Dec 2018,1,6,Saturday,1
2018-12-02,20181202,2018,4,Q4,12,December,Dec 2018,2,7,Sunday,1
2018-12-03,20181203,2018,4,Q4,12,December,Dec 2018,3,1,Monday,0
2018-12-04,20181204,2018,4,Q4,12,December,Dec 2018,4,2,Tuesday,0
2018-12-05,20181205,2018,4,Q4,12,December,Dec 2018,5,3,Wednesday,0
2018-12-06,20181206,2018,4,Q4,12,December,Dec 2018,6,4,Thursday,0
2018-12-07,20181207,2018,4,Q4,12,December,Dec 2018,7,5,Friday,0
2018-12-08,20181208,2018,4,Q4,12,December,Dec 2018,8,6,Saturday,1
2018-12-09,20181209,2018,4,Q4,12,December,Dec 2018,9,7,Sunday,1
2018-12-10,20181210,2018,4,Q4,12,December,Dec 2018,10,1,Monday,0
2018-12-11,20181211,2018,4,Q4,12,December,Dec 2018,11,2,Tuesday,0
2018-12-12,20181212,2018,4,Q4,12,December,Dec 2018,12,3,Wednesday,0
2018-12-13,20181213,2018,4,Q4,12,December,Dec 2018,13,4,Thursday,0
2018-12-14,20181214,2018,4,Q4,12,December,Dec 2018,14,5,Friday,0
2018-12-15,20181215,2018,4,Q4,12,December,Dec 2018,15,6,Saturday,1
2018-12-16,20181216,2018,4,Q4,12,December,Dec 2018,16,7,Sunday,1
2018-12-17,20181217,2018,4,Q4,12,December,Dec 2018,17,1,Monday,0
2018-12-18,20181218,2018,4,Q4,12,December,Dec 2018,18,2,Tuesday,0
2018-12-19,20181219,2018,4,Q4,12,December,Dec 2018,19,3,Wednesday,0
2018-12-20,20181220,2018,4,Q4,12,December,Dec 2018,20,4,Thursday,0
2018-12-21,20181221,2018,4,Q4,12,December,Dec 2018,21,5,Friday,0
2018-12-22,20181222,2018,4,Q4,12,December,Dec 2018,22,6,Saturday,1
2018-12-23,20181223,2018,4,Q4,12,December,Dec 2018,23,7,Sunday,1
2018-12-24,20181224,2018,4,Q4,12,December,Dec 2018,24,1,Monday,0
2018-12-25,20181225,2018,4,Q4,12,December,Dec 2018,25,2,Tuesday,0
2018-12-26,20181226,2018,4,Q4,12,December,Dec 2018,26,3,Wednesday,0
2018-12-27,20181227,2018,4,Q4,12,December,Dec 2018,27,4,Thursday,0
2018-12-28,20181228,2018,4,Q4,12,December,Dec 2018,28,5,Friday,0
2018-12-29,20181229,2018,4,Q4,12,December,Dec 2018,29,6,Saturday,1
2018-12-30,20181230,2018,4,Q4,12,December,Dec 2018,30,7,Sunday,1
2018-12-31,20181231,2018,4,Q4,12,December,Dec 2018,31,1,Monday,0
